time,optical_pulse,respiration
0.000000,-0.007022,0.110484
0.008333,0.009136,0.115654
0.016667,0.006381,0.140317
0.025000,0.016502,0.144435
0.033333,0.012428,0.137623
0.041667,0.022437,0.160440
0.050000,0.014806,0.162070
0.058333,0.002295,0.184862
0.066667,0.020714,0.203767
0.075000,-0.005961,0.200476
0.083333,-0.016538,0.203149
0.091667,-0.002351,0.235717
0.100000,-0.010595,0.241374
0.108333,-0.010235,0.236431
0.116667,-0.000024,0.242985
0.125000,-0.011334,0.263983
0.133333,0.010467,0.280845
0.141667,0.010477,0.288520
0.150000,0.021347,0.277595
0.158333,0.017250,0.304226
0.166667,0.023109,0.327318
0.175000,0.042048,0.310040
0.183333,0.037377,0.339187
0.191667,0.026984,0.329738
0.200000,0.041101,0.348126
0.208333,0.030346,0.351062
0.216667,0.009391,0.365482
0.225000,-0.002685,0.396456
0.233333,-0.001831,0.397607
0.241667,-0.011895,0.389971
0.250000,0.001892,0.405015
0.258333,-0.004943,0.438353
0.266667,0.010986,0.435787
0.275000,0.004413,0.456848
0.283333,0.020202,0.449486
0.291667,0.042642,0.463779
0.300000,0.046798,0.459025
0.308333,0.041161,0.469149
0.316667,0.057831,0.496418
0.325000,0.036712,0.507360
0.333333,0.038175,0.504542
0.341667,0.045093,0.527995
0.350000,0.049735,0.522110
0.358333,0.043341,0.534731
0.366667,0.027547,0.559227
0.375000,0.033243,0.572645
0.383333,0.009456,0.569527
0.391667,0.017971,0.567991
0.400000,0.010395,0.579829
0.408333,0.024038,0.589112
0.416667,0.020652,0.590385
0.425000,0.027501,0.619715
0.433333,0.055344,0.629231
0.441667,0.054010,0.638380
0.450000,0.049370,0.655248
0.458333,0.051169,0.634435
0.466667,0.075152,0.672900
0.475000,0.055541,0.663401
0.483333,0.062996,0.689663
0.491667,0.039998,0.669786
0.500000,0.040728,0.677088
0.508333,0.041148,0.681909
0.516667,0.025755,0.702043
0.525000,0.038226,0.714284
0.533333,0.032874,0.726759
0.541667,0.031624,0.744666
0.550000,0.043647,0.723655
0.558333,0.024513,0.753804
0.566667,0.058546,0.768934
0.575000,0.046728,0.753465
0.583333,0.061609,0.775885
0.591667,0.054214,0.764784
0.600000,0.084061,0.783965
0.608333,0.076395,0.801691
0.616667,0.064749,0.784227
0.625000,0.070905,0.821847
0.633333,0.056800,0.813601
0.641667,0.060628,0.832779
0.650000,0.051780,0.822625
0.658333,0.035014,0.834310
0.666667,0.033481,0.832392
0.675000,0.049354,0.847907
0.683333,0.034139,0.844688
0.691667,0.029077,0.865163
0.700000,0.062946,0.856118
0.708333,0.055879,0.867582
0.716667,0.075154,0.887306
0.725000,0.080346,0.887981
0.733333,0.077271,0.904201
0.741667,0.089170,0.906224
0.750000,0.074339,0.895737
0.758333,0.075253,0.905156
0.766667,0.073557,0.901780
0.775000,0.089029,0.900198
0.783333,0.083677,0.926193
0.791667,0.052783,0.917809
0.800000,0.044111,0.939281
0.808333,0.053025,0.948263
0.816667,0.049394,0.924589
0.825000,0.060039,0.942558
0.833333,0.045091,0.959187
0.841667,0.057981,0.939358
0.850000,0.076073,0.973136
0.858333,0.069620,0.949504
0.866667,0.072441,0.972149
0.875000,0.076833,0.975756
0.883333,0.087321,0.962914
0.891667,0.100776,0.973276
0.900000,0.108090,0.968157
0.908333,0.086502,0.988846
0.916667,0.095700,0.981073
0.925000,0.084357,0.979827
0.933333,0.078112,0.997748
0.941667,0.078659,1.009815
0.950000,0.065798,0.993119
0.958333,0.047630,1.012236
0.966667,0.048262,1.000943
0.975000,0.072989,0.994360
0.983333,0.077110,1.022444
0.991667,0.086850,1.007491
1.000000,0.095741,0.997102
1.008333,0.079348,1.024678
1.016667,0.102968,1.023083
1.025000,0.092745,1.033367
1.033333,0.108686,1.036237
1.041667,0.096949,1.013388
1.050000,0.114354,1.028713
1.058333,0.110206,1.026081
1.066667,0.076135,1.016660
1.075000,0.081718,1.013021
1.083333,0.063101,1.037073
1.091667,0.057701,1.038071
1.100000,0.073090,1.024257
1.108333,0.056880,1.024353
1.116667,0.066436,1.027026
1.125000,0.078857,1.016677
1.133333,0.082538,1.023681
1.141667,0.100563,1.050892
1.150000,0.100041,1.036198
1.158333,0.112196,1.050691
1.166667,0.115966,1.021629
1.175000,0.116512,1.021554
1.183333,0.100282,1.034768
1.191667,0.113251,1.024809
1.200000,0.091396,1.027699
1.208333,0.104680,1.028283
1.216667,0.086246,1.026792
1.225000,0.077293,1.035113
1.233333,0.087933,1.023873
1.241667,0.079987,1.020394
1.250000,0.087387,1.038561
1.258333,0.105186,1.017132
1.266667,0.106090,1.021350
1.275000,0.116138,1.023616
1.283333,0.144884,1.019456
1.291667,0.154725,1.018936
1.300000,0.145623,1.004406
1.308333,0.164682,1.005291
1.316667,0.150245,1.001976
1.325000,0.162647,1.000234
1.333333,0.171775,1.009816
1.341667,0.165669,0.991378
1.350000,0.141565,0.986710
1.358333,0.157489,1.002127
1.366667,0.139762,0.985700
1.375000,0.142688,0.975856
1.383333,0.140794,0.979131
1.391667,0.126629,0.966178
1.400000,0.154558,0.981337
1.408333,0.174567,0.964704
1.416667,0.203508,0.970485
1.425000,0.236866,0.963009
1.433333,0.272474,0.970597
1.441667,0.312011,0.973467
1.450000,0.352458,0.965670
1.458333,0.382465,0.948259
1.466667,0.393545,0.933784
1.475000,0.372709,0.954150
1.483333,0.362401,0.937463
1.491667,0.308653,0.943648
1.500000,0.281792,0.940601
1.508333,0.223403,0.919994
1.516667,0.195962,0.904208
1.525000,0.166919,0.915461
1.533333,0.135698,0.916689
1.541667,0.116131,0.890228
1.550000,0.132707,0.890973
1.558333,0.129618,0.890729
1.566667,0.115928,0.900277
1.575000,0.136158,0.877122
1.583333,0.152146,0.883962
1.591667,0.132556,0.877265
1.600000,0.133471,0.867550
1.608333,0.137548,0.837064
1.616667,0.133391,0.831181
1.625000,0.132505,0.828143
1.633333,0.146268,0.833309
1.641667,0.121816,0.832526
1.650000,0.106854,0.828634
1.658333,0.119792,0.829772
1.666667,0.107958,0.816598
1.675000,0.105603,0.803017
1.683333,0.100832,0.802980
1.691667,0.114968,0.796220
1.700000,0.103047,0.779931
1.708333,0.129383,0.763734
1.716667,0.124284,0.759489
1.725000,0.128985,0.766901
1.733333,0.121578,0.752211
1.741667,0.152816,0.732730
1.750000,0.137459,0.745362
1.758333,0.134067,0.726410
1.766667,0.135580,0.707896
1.775000,0.119497,0.717715
1.783333,0.120570,0.685154
1.791667,0.112321,0.684263
1.800000,0.106306,0.663692
1.808333,0.116340,0.657435
1.816667,0.104778,0.668479
1.825000,0.097585,0.662523
1.833333,0.112920,0.661769
1.841667,0.107774,0.650226
1.850000,0.100479,0.626820
1.858333,0.135681,0.626245
1.866667,0.129608,0.597471
1.875000,0.134833,0.592784
1.883333,0.139758,0.578858
1.891667,0.155289,0.566349
1.900000,0.151613,0.565487
1.908333,0.145677,0.561291
1.916667,0.119751,0.556249
1.925000,0.133208,0.551836
1.933333,0.102412,0.544893
1.941667,0.122489,0.534877
1.950000,0.091226,0.504495
1.958333,0.104467,0.511127
1.966667,0.100500,0.496034
1.975000,0.106680,0.483483
1.983333,0.099007,0.474364
1.991667,0.109271,0.463948
2.000000,0.127727,0.452636
2.008333,0.121660,0.439199
2.016667,0.147553,0.428119
2.025000,0.149800,0.412239
2.033333,0.144497,0.414401
2.041667,0.142789,0.395718
2.050000,0.130251,0.394500
2.058333,0.121163,0.384633
2.066667,0.117272,0.377592
2.075000,0.117332,0.359671
2.083333,0.098375,0.338481
2.091667,0.099075,0.323245
2.100000,0.113424,0.317610
2.108333,0.105871,0.334709
2.116667,0.097815,0.293356
2.125000,0.110308,0.310602
2.133333,0.105164,0.284356
2.141667,0.104587,0.276008
2.150000,0.112162,0.250977
2.158333,0.119308,0.265345
2.166667,0.122477,0.227610
2.175000,0.137337,0.227605
2.183333,0.152418,0.211656
2.191667,0.157413,0.217170
2.200000,0.138670,0.201247
2.208333,0.146973,0.173727
2.216667,0.150302,0.193128
2.225000,0.132605,0.174427
2.233333,0.127774,0.160166
2.241667,0.141841,0.153730
2.250000,0.125157,0.133882
2.258333,0.143887,0.131646
2.266667,0.137367,0.110713
2.275000,0.168674,0.087233
2.283333,0.151166,0.072544
2.291667,0.176831,0.061925
2.300000,0.188596,0.049406
2.308333,0.190369,0.045263
2.316667,0.180283,0.048331
2.325000,0.170577,0.036935
2.333333,0.196714,0.021912
2.341667,0.186992,0.025194
2.350000,0.187019,-0.019480
2.358333,0.193706,-0.017630
2.366667,0.200696,-0.030952
2.375000,0.235971,-0.044086
2.383333,0.241860,-0.036120
2.391667,0.283742,-0.057736
2.400000,0.320515,-0.080577
2.408333,0.341544,-0.065921
2.416667,0.368529,-0.076856
2.425000,0.377230,-0.112056
2.433333,0.363028,-0.114413
2.441667,0.337849,-0.113620
2.450000,0.302393,-0.122130
2.458333,0.264237,-0.142021
2.466667,0.248618,-0.157205
2.475000,0.198163,-0.159843
2.483333,0.181581,-0.188334
2.491667,0.157305,-0.193002
2.500000,0.146752,-0.195047
2.508333,0.128429,-0.213052
2.516667,0.133348,-0.219195
2.525000,0.121929,-0.234778
2.533333,0.100019,-0.245965
2.541667,0.110842,-0.242095
2.550000,0.107965,-0.252319
2.558333,0.111483,-0.270735
2.566667,0.123147,-0.297519
2.575000,0.115677,-0.296940
2.583333,0.132284,-0.306349
2.591667,0.132366,-0.310104
2.600000,0.154711,-0.337427
2.608333,0.128730,-0.330795
2.616667,0.139869,-0.360941
2.625000,0.123333,-0.351705
2.633333,0.120734,-0.378456
2.641667,0.113340,-0.391402
2.650000,0.106129,-0.394960
2.658333,0.107958,-0.394593
2.666667,0.091252,-0.412472
2.675000,0.080721,-0.413891
2.683333,0.101796,-0.430168
2.691667,0.102241,-0.459144
2.700000,0.103631,-0.464384
2.708333,0.118061,-0.450707
2.716667,0.116083,-0.477203
2.725000,0.114377,-0.494434
2.733333,0.138899,-0.491731
2.741667,0.136102,-0.496506
2.750000,0.117868,-0.507285
2.758333,0.137271,-0.517667
2.766667,0.123826,-0.545674
2.775000,0.129980,-0.531971
2.783333,0.113297,-0.539373
2.791667,0.099574,-0.561183
2.800000,0.102120,-0.572967
2.808333,0.101302,-0.596067
2.816667,0.094594,-0.590176
2.825000,0.092481,-0.585403
2.833333,0.075366,-0.601949
2.841667,0.092560,-0.619682
2.850000,0.090232,-0.627685
2.858333,0.109582,-0.630309
2.866667,0.106454,-0.635361
2.875000,0.104486,-0.650860
2.883333,0.113444,-0.675906
2.891667,0.110735,-0.679909
2.900000,0.105101,-0.690629
2.908333,0.121569,-0.697986
2.916667,0.112759,-0.697185
2.925000,0.097466,-0.689344
2.933333,0.082320,-0.696925
2.941667,0.090921,-0.710163
2.950000,0.086535,-0.738853
2.958333,0.074668,-0.748318
2.966667,0.065621,-0.747562
2.975000,0.087505,-0.739982
2.983333,0.086216,-0.762411
2.991667,0.101304,-0.749158
3.000000,0.089133,-0.764383
3.008333,0.102273,-0.761561
3.016667,0.114516,-0.769269
3.025000,0.120836,-0.795157
3.033333,0.124337,-0.810524
3.041667,0.114813,-0.798745
3.050000,0.120644,-0.818884
3.058333,0.102162,-0.816948
3.066667,0.100203,-0.830373
3.075000,0.071223,-0.837294
3.083333,0.078058,-0.827348
3.091667,0.080649,-0.840458
3.100000,0.058475,-0.847496
3.108333,0.053645,-0.849710
3.116667,0.065229,-0.872349
3.125000,0.085230,-0.854431
3.133333,0.073628,-0.863204
3.141667,0.072143,-0.860584
3.150000,0.099370,-0.893958
3.158333,0.098040,-0.901173
3.166667,0.130092,-0.907151
3.175000,0.115479,-0.901362
3.183333,0.143206,-0.909730
3.191667,0.126968,-0.914830
3.200000,0.128935,-0.892843
3.208333,0.129186,-0.911678
3.216667,0.128350,-0.907019
3.225000,0.123613,-0.928746
3.233333,0.118488,-0.922150
3.241667,0.098814,-0.947797
3.250000,0.102057,-0.927139
3.258333,0.091903,-0.928718
3.266667,0.111980,-0.947212
3.275000,0.116089,-0.956792
3.283333,0.110490,-0.939915
3.291667,0.125710,-0.953071
3.300000,0.133544,-0.969136
3.308333,0.132360,-0.974184
3.316667,0.173468,-0.953013
3.325000,0.177245,-0.967805
3.333333,0.202367,-0.955188
3.341667,0.212429,-0.960544
3.350000,0.260945,-0.973490
3.358333,0.273610,-0.959832
3.366667,0.308924,-0.989249
3.375000,0.309446,-0.992424
3.383333,0.307668,-0.980198
3.391667,0.297672,-0.977793
3.400000,0.260921,-0.995934
3.408333,0.248401,-0.977844
3.416667,0.216927,-0.997866
3.425000,0.184241,-1.002974
3.433333,0.151500,-0.985867
3.441667,0.143931,-0.989006
3.450000,0.119941,-0.991679
3.458333,0.118174,-1.004824
3.466667,0.115000,-0.980506
3.475000,0.094822,-0.995158
3.483333,0.100074,-0.987858
3.491667,0.081248,-1.012586
3.500000,0.072139,-0.981085
3.508333,0.068955,-0.994430
3.516667,0.052401,-1.004824
3.525000,0.061033,-1.013009
3.533333,0.058546,-1.003007
3.541667,0.038654,-0.989153
3.550000,0.041600,-0.986958
3.558333,0.042814,-1.004203
3.566667,0.058900,-0.982065
3.575000,0.063037,-0.995457
3.583333,0.076016,-1.004042
3.591667,0.082895,-0.986842
3.600000,0.070711,-0.990348
3.608333,0.074508,-1.000171
3.616667,0.072543,-0.975457
3.625000,0.073603,-1.000640
3.633333,0.068530,-0.997213
3.641667,0.040381,-0.965322
3.650000,0.035001,-0.990778
3.658333,0.051886,-0.979598
3.666667,0.031189,-0.976094
3.675000,0.018649,-0.969885
3.683333,0.038763,-0.972167
3.691667,0.039613,-0.962958
3.700000,0.019530,-0.978326
3.708333,0.042132,-0.946794
3.716667,0.036196,-0.949109
3.725000,0.045053,-0.962964
3.733333,0.056936,-0.964748
3.741667,0.072318,-0.950500
3.750000,0.061429,-0.938554
3.758333,0.051017,-0.946102
3.766667,0.063071,-0.941093
3.775000,0.032660,-0.945494
3.783333,0.035542,-0.932974
3.791667,0.023350,-0.945247
3.800000,0.018296,-0.912206
3.808333,0.024023,-0.925425
3.816667,0.002868,-0.918911
3.825000,0.022593,-0.920577
3.833333,0.022308,-0.907188
3.841667,0.022361,-0.918726
3.850000,0.025544,-0.892078
3.858333,0.022875,-0.908227
3.866667,0.022372,-0.873956
3.875000,0.044624,-0.873676
3.883333,0.038719,-0.872144
3.891667,0.041444,-0.861493
3.900000,0.035101,-0.882532
3.908333,0.029608,-0.858342
3.916667,0.028610,-0.854018
3.925000,0.013952,-0.850623
3.933333,0.028106,-0.843691
3.941667,0.001325,-0.839030
3.950000,0.010892,-0.833839
3.958333,0.004256,-0.823244
3.966667,-0.005051,-0.836612
3.975000,-0.005750,-0.806028
3.983333,0.018474,-0.824225
3.991667,0.021199,-0.793604
4.000000,0.005909,-0.804720
4.008333,0.033877,-0.791461
4.016667,0.016630,-0.772121
4.025000,0.043018,-0.757986
4.033333,0.028786,-0.773768
4.041667,0.037494,-0.754765
4.050000,0.038472,-0.737579
4.058333,0.014157,-0.745678
4.066667,0.011104,-0.752847
4.075000,-0.001054,-0.727084
4.083333,0.011338,-0.722036
4.091667,-0.015764,-0.716213
4.100000,-0.020312,-0.707531
4.108333,-0.007100,-0.689694
4.116667,0.014167,-0.703901
4.125000,0.020201,-0.675114
4.133333,0.034585,-0.671211
4.141667,0.034782,-0.650766
4.150000,0.057787,-0.646446
4.158333,0.060078,-0.650494
4.166667,0.070683,-0.658567
4.175000,0.054098,-0.618498
4.183333,0.050301,-0.639621
4.191667,0.044071,-0.615097
4.200000,0.048113,-0.607408
4.208333,0.045032,-0.591794
4.216667,0.032657,-0.587373
4.225000,0.031534,-0.576522
4.233333,0.038873,-0.559064
4.241667,0.007352,-0.556568
4.250000,0.034841,-0.536241
4.258333,0.026305,-0.527213
4.266667,0.050302,-0.518387
4.275000,0.042953,-0.514508
4.283333,0.080687,-0.500023
4.291667,0.114164,-0.495697
4.300000,0.144507,-0.509014
4.308333,0.191141,-0.501907
4.316667,0.219080,-0.460661
4.325000,0.239482,-0.484527
4.333333,0.274075,-0.458829
4.341667,0.242115,-0.435642
4.350000,0.240445,-0.432642
4.358333,0.187763,-0.419372
4.366667,0.145080,-0.425140
4.375000,0.116191,-0.397212
4.383333,0.076563,-0.400730
4.391667,0.026311,-0.374237
4.400000,0.008445,-0.373486
4.408333,-0.004318,-0.377516
4.416667,0.000046,-0.370628
4.425000,-0.004240,-0.352755
4.433333,0.012924,-0.330229
4.441667,-0.002440,-0.343521
4.450000,0.018084,-0.330112
4.458333,0.005251,-0.316188
4.466667,0.004818,-0.292427
4.475000,0.013430,-0.290618
4.483333,-0.010228,-0.271007
4.491667,-0.006446,-0.248643
4.500000,-0.028792,-0.257889
4.508333,-0.016432,-0.233932
4.516667,-0.035203,-0.225214
4.525000,-0.031479,-0.239935
4.533333,-0.057913,-0.205931
4.541667,-0.057127,-0.188600
4.550000,-0.048191,-0.199672
4.558333,-0.039529,-0.177163
4.566667,-0.030757,-0.155724
4.575000,-0.037539,-0.160156
4.583333,-0.027729,-0.152430
4.591667,-0.029754,-0.125575
4.600000,-0.006305,-0.122210
4.608333,-0.019971,-0.122520
4.616667,-0.009758,-0.106528
4.625000,-0.018879,-0.093496
4.633333,-0.018200,-0.066398
4.641667,-0.032545,-0.084435
4.650000,-0.057622,-0.058894
4.658333,-0.043525,-0.066318
4.666667,-0.058157,-0.035609
4.675000,-0.050294,-0.019538
4.683333,-0.051251,-0.021429
4.691667,-0.068774,-0.004974
4.700000,-0.064518,0.014128
4.708333,-0.052799,0.009376
4.716667,-0.050891,0.027008
4.725000,-0.047010,0.023043
4.733333,-0.040979,0.062023
4.741667,-0.019190,0.044891
4.750000,-0.029296,0.073014
4.758333,-0.025668,0.084694
4.766667,-0.041341,0.090395
4.775000,-0.055874,0.100323
4.783333,-0.056823,0.113864
4.791667,-0.060766,0.133760
4.800000,-0.058109,0.139969
4.808333,-0.065341,0.123512
4.816667,-0.083078,0.136137
4.825000,-0.064202,0.147857
4.833333,-0.086589,0.186807
4.841667,-0.060179,0.165403
4.850000,-0.061323,0.177011
4.858333,-0.046346,0.204500
4.866667,-0.058841,0.198503
4.875000,-0.037678,0.232864
4.883333,-0.028675,0.239233
4.891667,-0.026879,0.227317
4.900000,-0.036341,0.251637
4.908333,-0.055268,0.276484
4.916667,-0.064815,0.269767
4.925000,-0.063641,0.274656
4.933333,-0.082977,0.303713
4.941667,-0.085420,0.310523
4.950000,-0.072406,0.299337
4.958333,-0.087423,0.329366
4.966667,-0.099254,0.337898
4.975000,-0.084369,0.356805
4.983333,-0.076954,0.357026
4.991667,-0.085926,0.360904
5.000000,-0.078843,0.376556
5.008333,-0.072225,0.379901
5.016667,-0.059993,0.395652
5.025000,-0.040182,0.391220
5.033333,-0.061100,0.398500
5.041667,-0.068480,0.427822
5.050000,-0.046199,0.437943
5.058333,-0.048869,0.431340
5.066667,-0.083480,0.462892
5.075000,-0.068338,0.472631
5.083333,-0.068788,0.463671
5.091667,-0.065167,0.478357
5.100000,-0.073223,0.478154
5.108333,-0.064769,0.498391
5.116667,-0.068913,0.518021
5.125000,-0.045800,0.523565
5.133333,-0.046933,0.525172
5.141667,-0.052457,0.521390
5.150000,-0.029082,0.549579
5.158333,-0.032491,0.543859
5.166667,-0.019071,0.566401
5.175000,-0.031158,0.550600
5.183333,-0.030320,0.555775
5.191667,-0.017927,0.569676
5.200000,-0.013448,0.600772
5.208333,-0.037254,0.591894
5.216667,-0.036514,0.616078
5.225000,-0.044174,0.590304
5.233333,-0.046869,0.619926
5.241667,-0.038538,0.625699
5.250000,-0.048205,0.646556
5.258333,-0.012842,0.628005
5.266667,0.017438,0.660137
5.275000,0.050061,0.641361
5.283333,0.073564,0.673630
5.291667,0.124672,0.658160
5.300000,0.176597,0.672192
5.308333,0.178394,0.674619
5.316667,0.194473,0.675187
5.325000,0.163870,0.684191
5.333333,0.143046,0.713594
5.341667,0.103960,0.708814
5.350000,0.048719,0.704148
5.358333,0.020689,0.717083
5.366667,-0.027046,0.717992
5.375000,-0.053369,0.726759
5.383333,-0.061963,0.723131
5.391667,-0.083172,0.742631
5.400000,-0.095118,0.759766
5.408333,-0.085470,0.756838
5.416667,-0.093635,0.758077
5.425000,-0.085152,0.775539
5.433333,-0.066669,0.770169
5.441667,-0.066217,0.784573
5.450000,-0.058313,0.775162
5.458333,-0.060790,0.786556
5.466667,-0.074634,0.785127
5.475000,-0.079970,0.794411
5.483333,-0.086628,0.801447
5.491667,-0.076074,0.804631
5.500000,-0.094240,0.801322
5.508333,-0.101880,0.797241
5.516667,-0.092801,0.795426
5.525000,-0.119797,0.824028
5.533333,-0.121534,0.816373
5.541667,-0.126719,0.818134
5.550000,-0.120620,0.810958
5.558333,-0.108875,0.818146
5.566667,-0.108414,0.839838
5.575000,-0.088666,0.830198
5.583333,-0.084984,0.824982
5.591667,-0.084085,0.842559
5.600000,-0.082544,0.853846
5.608333,-0.080041,0.836897
5.616667,-0.093692,0.859549
5.625000,-0.081025,0.844807
5.633333,-0.107135,0.849432
5.641667,-0.099099,0.863675
5.650000,-0.097915,0.856015
5.658333,-0.121374,0.858391
5.666667,-0.123740,0.869612
5.675000,-0.111167,0.866218
5.683333,-0.115077,0.880069
5.691667,-0.110037,0.856007
5.700000,-0.128614,0.861457
5.708333,-0.116344,0.867877
5.716667,-0.093768,0.887915
5.725000,-0.086708,0.888050
5.733333,-0.093554,0.892280
5.741667,-0.098894,0.876037
5.750000,-0.081951,0.866513
5.758333,-0.089270,0.884118
5.766667,-0.091125,0.882825
5.775000,-0.098445,0.888032
5.783333,-0.095152,0.894805
5.791667,-0.118914,0.876137
5.800000,-0.130374,0.875051
5.808333,-0.116581,0.867382
5.816667,-0.134438,0.892947
5.825000,-0.145303,0.881013
5.833333,-0.129056,0.866469
5.841667,-0.120872,0.860916
5.850000,-0.115630,0.888899
5.858333,-0.110901,0.861279
5.866667,-0.110628,0.875604
5.875000,-0.104288,0.874011
5.883333,-0.100615,0.875343
5.891667,-0.098785,0.887145
5.900000,-0.108700,0.869834
5.908333,-0.088810,0.873381
5.916667,-0.093655,0.866310
5.925000,-0.122853,0.877564
5.933333,-0.106598,0.874943
5.941667,-0.116901,0.844908
5.950000,-0.117864,0.847425
5.958333,-0.141066,0.869338
5.966667,-0.151050,0.848184
5.975000,-0.141201,0.856569
5.983333,-0.126905,0.847951
5.991667,-0.128854,0.841716
6.000000,-0.106340,0.834639
6.008333,-0.114361,0.833166
6.016667,-0.101907,0.828665
6.025000,-0.106307,0.836108
6.033333,-0.094986,0.840555
6.041667,-0.072076,0.837291
6.050000,-0.067483,0.811067
6.058333,-0.088051,0.819529
6.066667,-0.079953,0.812171
6.075000,-0.082339,0.808949
6.083333,-0.081788,0.812189
6.091667,-0.079882,0.802389
6.100000,-0.103611,0.792270
6.108333,-0.098265,0.808338
6.116667,-0.098355,0.776559
6.125000,-0.103295,0.779063
6.133333,-0.081247,0.760664
6.141667,-0.089315,0.759618
6.150000,-0.063722,0.750815
6.158333,-0.070356,0.748169
6.166667,-0.070468,0.750486
6.175000,-0.039413,0.760010
6.183333,-0.042448,0.746134
6.191667,-0.049420,0.737861
6.200000,-0.037042,0.729595
6.208333,-0.039804,0.745385
6.216667,-0.005393,0.729952
6.225000,0.004677,0.713847
6.233333,0.026222,0.704544
6.241667,0.072245,0.712320
6.250000,0.099666,0.689940
6.258333,0.122105,0.693730
6.266667,0.138325,0.675964
6.275000,0.123454,0.664019
6.283333,0.100818,0.682874
6.291667,0.074195,0.659694
6.300000,0.044402,0.643651
6.308333,0.022253,0.665672
6.316667,-0.021776,0.626874
6.325000,-0.031274,0.644447
6.333333,-0.045966,0.630923
6.341667,-0.083991,0.605671
6.350000,-0.089987,0.617563
6.358333,-0.087757,0.618944
6.366667,-0.118320,0.587240
6.375000,-0.113733,0.602325
6.383333,-0.134365,0.572657
6.391667,-0.120947,0.591051
6.400000,-0.115618,0.564788
6.408333,-0.134947,0.555503
6.416667,-0.104172,0.533432
6.425000,-0.110217,0.538244
6.433333,-0.112963,0.517908
6.441667,-0.091166,0.521036
6.450000,-0.082615,0.515993
6.458333,-0.078530,0.504557
6.466667,-0.094100,0.482447
6.475000,-0.091861,0.506815
6.483333,-0.095747,0.491119
6.491667,-0.101351,0.463478
6.500000,-0.118874,0.450838
6.508333,-0.106284,0.444106
6.516667,-0.124713,0.452482
6.525000,-0.119151,0.446950
6.533333,-0.138439,0.444127
6.541667,-0.125168,0.430500
6.550000,-0.132680,0.422380
6.558333,-0.123848,0.390509
6.566667,-0.117973,0.397146
6.575000,-0.113987,0.380696
6.583333,-0.093530,0.382077
6.591667,-0.099348,0.351016
6.600000,-0.103660,0.333967
6.608333,-0.105087,0.353593
6.616667,-0.079589,0.346101
6.625000,-0.098653,0.337061
6.633333,-0.089356,0.302445
6.641667,-0.103931,0.289282
6.650000,-0.121265,0.274894
6.658333,-0.116555,0.297835
6.666667,-0.128927,0.277834
6.675000,-0.140950,0.266322
6.683333,-0.131493,0.237141
6.691667,-0.131920,0.245937
6.700000,-0.130035,0.237512
6.708333,-0.122329,0.230883
6.716667,-0.122650,0.193258
6.725000,-0.106843,0.212002
6.733333,-0.087807,0.179831
6.741667,-0.081899,0.179836
6.750000,-0.093715,0.163869
6.758333,-0.102331,0.143134
6.766667,-0.088118,0.139454
6.775000,-0.115290,0.150771
6.783333,-0.106020,0.143367
6.791667,-0.107233,0.117500
6.800000,-0.122863,0.094545
6.808333,-0.139927,0.077845
6.816667,-0.141338,0.094327
6.825000,-0.127663,0.056622
6.833333,-0.135248,0.076911
6.841667,-0.110942,0.045535
6.850000,-0.115262,0.056298
6.858333,-0.109768,0.045409
6.866667,-0.089269,0.028272
6.875000,-0.089751,-0.004275
6.883333,-0.077768,-0.007642
6.891667,-0.092237,-0.021197
6.900000,-0.073601,-0.039499
6.908333,-0.078172,-0.030422
6.916667,-0.086104,-0.044556
6.925000,-0.112731,-0.053425
6.933333,-0.114160,-0.062246
6.941667,-0.126637,-0.075448
6.950000,-0.131736,-0.104721
6.958333,-0.118700,-0.086908
6.966667,-0.132380,-0.104665
6.975000,-0.109971,-0.117613
6.983333,-0.102518,-0.135655
6.991667,-0.102154,-0.132787
7.000000,-0.113565,-0.164015
7.008333,-0.079725,-0.167762
7.016667,-0.090552,-0.189825
7.025000,-0.070643,-0.171315
7.033333,-0.063533,-0.207937
7.041667,-0.063248,-0.217541
7.050000,-0.058128,-0.215092
7.058333,-0.060285,-0.225686
7.066667,-0.061797,-0.238100
7.075000,-0.071743,-0.253346
7.083333,-0.071315,-0.264694
7.091667,-0.069522,-0.277133
7.100000,-0.085657,-0.284988
7.108333,-0.072912,-0.285170
7.116667,-0.078121,-0.318187
7.125000,-0.069960,-0.309675
7.133333,-0.072137,-0.319145
7.141667,-0.064888,-0.329566
7.150000,-0.035204,-0.331879
7.158333,-0.035667,-0.343005
7.166667,-0.010902,-0.366190
7.175000,-0.004386,-0.366177
7.183333,-0.013655,-0.398457
7.191667,0.021162,-0.397674
7.200000,0.036907,-0.400972
7.208333,0.068303,-0.419870
7.216667,0.100390,-0.437067
7.225000,0.124427,-0.419569
7.233333,0.147340,-0.431458
7.241667,0.160327,-0.458438
7.250000,0.156025,-0.451034
7.258333,0.140542,-0.461410
7.266667,0.130384,-0.499405
7.275000,0.089984,-0.495038
7.283333,0.067631,-0.491691
7.291667,0.029487,-0.522009
7.300000,-0.000991,-0.523675
7.308333,-0.002650,-0.522375
7.316667,-0.010710,-0.547600
7.325000,-0.022741,-0.543556
7.333333,-0.046585,-0.565637
7.341667,-0.049113,-0.553687
7.350000,-0.053221,-0.594075
7.358333,-0.071352,-0.572012
7.366667,-0.082708,-0.588197
7.375000,-0.067312,-0.606862
7.383333,-0.084994,-0.621333
7.391667,-0.075941,-0.631030
7.400000,-0.097885,-0.636127
7.408333,-0.094432,-0.648099
7.416667,-0.082280,-0.658743
7.425000,-0.053492,-0.673328
7.433333,-0.062591,-0.657834
7.441667,-0.066126,-0.685423
7.450000,-0.051068,-0.689982
7.458333,-0.059437,-0.705688
7.466667,-0.051347,-0.687069
7.475000,-0.037874,-0.719716
7.483333,-0.038735,-0.704962
7.491667,-0.049244,-0.719086
7.500000,-0.064981,-0.730065
7.508333,-0.071704,-0.741693
7.516667,-0.085085,-0.738348
7.525000,-0.092882,-0.747475
7.533333,-0.084982,-0.764871
7.541667,-0.081262,-0.755168
7.550000,-0.081798,-0.759028
7.558333,-0.067749,-0.770621
7.566667,-0.056903,-0.780040
7.575000,-0.062655,-0.793244
7.583333,-0.042322,-0.803875
7.591667,-0.037462,-0.802337
7.600000,-0.052038,-0.795351
7.608333,-0.025341,-0.825599
7.616667,-0.027052,-0.827901
7.625000,-0.033757,-0.834024
7.633333,-0.062585,-0.844216
7.641667,-0.069015,-0.836569
7.650000,-0.066775,-0.853758
7.658333,-0.079423,-0.865221
7.666667,-0.074345,-0.854892
7.675000,-0.063615,-0.855254
7.683333,-0.059527,-0.868684
7.691667,-0.082498,-0.858963
7.700000,-0.068172,-0.868247
7.708333,-0.063140,-0.872037
7.716667,-0.040750,-0.887841
7.725000,-0.031705,-0.895671
7.733333,-0.031878,-0.904555
7.741667,-0.033361,-0.892802
7.750000,-0.022621,-0.918367
7.758333,-0.040740,-0.929411
7.766667,-0.039507,-0.914541
7.775000,-0.035634,-0.939198
7.783333,-0.031238,-0.939301
7.791667,-0.041492,-0.922264
7.800000,-0.057821,-0.945561
7.808333,-0.058784,-0.946742
7.816667,-0.054504,-0.952534
7.825000,-0.059591,-0.948553
7.833333,-0.053346,-0.931305
7.841667,-0.065874,-0.951507
7.850000,-0.034240,-0.946279
7.858333,-0.044976,-0.944219
7.866667,-0.033630,-0.948648
7.875000,-0.025607,-0.970351
7.883333,-0.018793,-0.953309
7.891667,-0.024014,-0.971784
7.900000,-0.010519,-0.977872
7.908333,-0.019662,-0.986906
7.916667,-0.034902,-0.965666
7.925000,-0.037702,-0.966512
7.933333,-0.042515,-0.963417
7.941667,-0.051397,-0.979099
7.950000,-0.054168,-0.988885
7.958333,-0.036156,-0.977522
7.966667,-0.034409,-0.978086
7.975000,-0.022801,-0.991822
7.983333,-0.013745,-0.971187
7.991667,-0.004936,-0.975401
8.000000,0.016743,-0.982049
8.008333,0.013715,-0.982681
8.016667,0.034384,-0.987126
8.025000,0.025575,-0.973444
8.033333,0.020660,-0.991340
8.041667,0.034763,-0.972133
8.050000,0.023217,-0.976943
8.058333,0.039559,-1.002411
8.066667,0.037207,-0.974451
8.075000,0.004025,-0.979504
8.083333,0.005409,-0.974847
8.091667,0.020878,-0.994867
8.100000,0.011034,-0.998370
8.108333,-0.004229,-0.972184
8.116667,0.016068,-0.986723
8.125000,0.025235,-0.979382
8.133333,0.035218,-0.967544
8.141667,0.064951,-0.982022
8.150000,0.113677,-0.981894
8.158333,0.144372,-0.974262
8.166667,0.200195,-0.989538
8.175000,0.230677,-0.979005
8.183333,0.242195,-0.953109
8.191667,0.254156,-0.951041
8.200000,0.268517,-0.962385
8.208333,0.226756,-0.961125
8.216667,0.213927,-0.970189
8.225000,0.161553,-0.971262
8.233333,0.115707,-0.940635
8.241667,0.068914,-0.958291
8.250000,0.055837,-0.955063
8.258333,0.019650,-0.926958
8.266667,0.024427,-0.935253
8.275000,0.014773,-0.946201
8.283333,0.010947,-0.940505
8.291667,0.032167,-0.940094
8.300000,0.013826,-0.935539
8.308333,0.045420,-0.908024
8.316667,0.045448,-0.900593
8.325000,0.023591,-0.908386
8.333333,0.025986,-0.912915
8.341667,0.037129,-0.895503
8.350000,0.024448,-0.911081
8.358333,0.022650,-0.892219
8.366667,-0.002370,-0.891362
8.375000,-0.005613,-0.881697
8.383333,0.006354,-0.884910
8.391667,-0.009483,-0.874882
8.400000,-0.002639,-0.869950
8.408333,0.012574,-0.863936
8.416667,-0.006118,-0.852342
8.425000,0.017162,-0.862085
8.433333,0.028857,-0.839877
8.441667,0.024973,-0.829455
8.450000,0.037669,-0.830083
8.458333,0.043710,-0.840718
8.466667,0.040353,-0.827592
8.475000,0.023115,-0.826617
8.483333,0.021425,-0.795579
8.491667,0.028172,-0.815993
8.500000,0.031569,-0.794111
8.508333,0.024175,-0.779348
8.516667,0.005005,-0.789058
8.525000,0.008665,-0.790671
8.533333,-0.009742,-0.767013
8.541667,-0.001501,-0.774701
8.550000,0.017403,-0.742002
8.558333,0.011300,-0.745514
8.566667,0.033515,-0.746295
8.575000,0.028601,-0.725108
8.583333,0.021941,-0.719342
8.591667,0.053695,-0.712590
8.600000,0.034435,-0.693584
8.608333,0.033583,-0.680545
8.616667,0.057179,-0.700591
8.625000,0.041965,-0.698142
8.633333,0.041277,-0.660876
8.641667,0.029922,-0.653661
8.650000,0.009460,-0.654296
8.658333,0.006556,-0.661061
8.666667,0.010659,-0.645549
8.675000,0.011458,-0.637860
8.683333,0.004270,-0.608940
8.691667,0.014840,-0.611890
8.700000,0.017162,-0.614317
8.708333,0.014953,-0.599637
8.716667,0.048646,-0.578491
8.725000,0.048728,-0.565312
8.733333,0.045075,-0.555687
8.741667,0.043653,-0.538013
8.750000,0.067763,-0.544800
8.758333,0.050588,-0.522278
8.766667,0.056341,-0.510565
8.775000,0.047064,-0.507942
8.783333,0.036075,-0.492671
8.791667,0.034688,-0.499802
8.800000,0.032279,-0.495536
8.808333,0.011759,-0.490067
8.816667,0.026732,-0.464143
8.825000,0.025187,-0.449741
8.833333,0.035757,-0.451373
8.841667,0.033227,-0.416694
8.850000,0.041512,-0.406140
8.858333,0.056497,-0.404117
8.866667,0.067458,-0.384518
8.875000,0.053767,-0.399499
8.883333,0.066378,-0.369341
8.891667,0.071741,-0.383861
8.900000,0.100362,-0.364887
8.908333,0.081077,-0.346340
8.916667,0.084777,-0.331142
8.925000,0.090278,-0.307281
8.933333,0.097213,-0.304502
8.941667,0.077524,-0.293739
8.950000,0.080833,-0.280263
8.958333,0.067292,-0.262597
8.966667,0.094064,-0.257919
8.975000,0.082355,-0.244583
8.983333,0.083646,-0.242190
8.991667,0.106912,-0.220072
9.000000,0.096604,-0.227113
9.008333,0.113306,-0.209183
9.016667,0.115699,-0.215606
9.025000,0.125750,-0.192545
9.033333,0.134262,-0.186763
9.041667,0.126883,-0.156191
9.050000,0.142769,-0.162982
9.058333,0.140118,-0.134877
9.066667,0.165346,-0.139017
9.075000,0.199356,-0.107670
9.083333,0.234641,-0.112668
9.091667,0.249617,-0.110477
9.100000,0.282853,-0.094178
9.108333,0.311841,-0.080737
9.116667,0.302481,-0.042413
9.125000,0.294125,-0.029530
9.133333,0.285701,-0.039466
9.141667,0.274108,-0.027925
9.150000,0.225790,0.003968
9.158333,0.200714,0.010601
9.166667,0.170438,0.004494
9.175000,0.164836,0.020269
9.183333,0.132928,0.026663
9.191667,0.121434,0.053106
9.200000,0.118300,0.076293
9.208333,0.107661,0.081492
9.216667,0.081211,0.097078
9.225000,0.086452,0.110400
9.233333,0.071580,0.117501
9.241667,0.058466,0.130410
9.250000,0.082595,0.125895
9.258333,0.070798,0.138478
9.266667,0.063545,0.155865
9.275000,0.094341,0.161446
9.283333,0.089408,0.199140
9.291667,0.085757,0.183103
9.300000,0.099908,0.209290
9.308333,0.114885,0.230386
9.316667,0.105123,0.225403
9.325000,0.099310,0.257350
9.333333,0.111973,0.270682
9.341667,0.116971,0.274507
9.350000,0.086127,0.267828
9.358333,0.083093,0.280221
9.366667,0.088781,0.302932
9.375000,0.070479,0.328043
9.383333,0.073230,0.322813
9.391667,0.085327,0.349685
9.400000,0.073440,0.334573
9.408333,0.078458,0.345466
9.416667,0.079819,0.377316
9.425000,0.093581,0.380925
9.433333,0.097807,0.383579
9.441667,0.116029,0.412635
9.450000,0.101603,0.432716
9.458333,0.107548,0.420639
9.466667,0.106212,0.427761
9.475000,0.099296,0.437698
9.483333,0.104045,0.454653
9.491667,0.109141,0.467680
9.500000,0.086654,0.503295
9.508333,0.088035,0.513150
9.516667,0.084590,0.506711
9.525000,0.087809,0.521354
9.533333,0.084821,0.526664
9.541667,0.065540,0.543713
9.550000,0.088569,0.544974
9.558333,0.074429,0.557050
9.566667,0.095653,0.582779
9.575000,0.107927,0.585998
9.583333,0.097071,0.596991
9.591667,0.103302,0.624900
9.600000,0.118885,0.620120
9.608333,0.128805,0.614100
9.616667,0.128081,0.653657
9.625000,0.107199,0.650586
9.633333,0.108328,0.665824
9.641667,0.091854,0.657333
9.650000,0.098862,0.668501
9.658333,0.090761,0.692729
9.666667,0.086897,0.717666
9.675000,0.088844,0.704842
9.683333,0.094031,0.711426
9.691667,0.092509,0.720716
9.700000,0.085068,0.739566
9.708333,0.097629,0.746466
9.716667,0.102452,0.753761
9.725000,0.108419,0.769619
9.733333,0.108515,0.776336
9.741667,0.135339,0.772388
9.750000,0.138837,0.796442
9.758333,0.112990,0.814200
9.766667,0.106848,0.801858
9.775000,0.108930,0.806938
9.783333,0.101080,0.824785
9.791667,0.107828,0.831524
9.800000,0.089123,0.847441
9.808333,0.094330,0.872999
9.816667,0.099868,0.879937
9.825000,0.100215,0.879591
9.833333,0.105983,0.880351
9.841667,0.107252,0.896088
9.850000,0.117023,0.889595
9.858333,0.126993,0.921950
9.866667,0.149802,0.904630
9.875000,0.162883,0.929782
9.883333,0.153603,0.941866
9.891667,0.154130,0.938534
9.900000,0.169609,0.949350
9.908333,0.177901,0.947176
9.916667,0.159680,0.965341
9.925000,0.143200,0.969406
9.933333,0.164746,0.965251
9.941667,0.136886,0.980381
9.950000,0.129440,0.977887
9.958333,0.137389,0.989552
9.966667,0.141182,0.999171
9.975000,0.154091,0.994174
9.983333,0.157170,1.013047
9.991667,0.153114,1.013646
10.000000,0.172708,1.016232
10.008333,0.170530,1.026547
10.016667,0.206624,1.030760
10.025000,0.214080,1.033729
10.033333,0.222390,1.058113
10.041667,0.275778,1.037709
10.050000,0.299194,1.056604
10.058333,0.317808,1.075511
10.066667,0.343708,1.074886
10.075000,0.361420,1.072654
10.083333,0.374471,1.064525
10.091667,0.364342,1.085807
10.100000,0.318777,1.075079
10.108333,0.294777,1.081569
10.116667,0.256410,1.108288
10.125000,0.222116,1.091335
10.133333,0.205173,1.107183
10.141667,0.191347,1.105671
10.150000,0.184613,1.122129
10.158333,0.153183,1.118856
10.166667,0.150923,1.119649
10.175000,0.155113,1.134587
10.183333,0.145772,1.130732
10.191667,0.142259,1.125692
10.200000,0.140756,1.123384
10.208333,0.126338,1.141953
10.216667,0.142007,1.153087
10.225000,0.121622,1.155841
10.233333,0.113411,1.152519
10.241667,0.100255,1.155930
10.250000,0.117851,1.152515
10.258333,0.116461,1.138629
10.266667,0.124756,1.140418
10.275000,0.106908,1.140000
10.283333,0.139932,1.169257
10.291667,0.147425,1.163823
10.300000,0.128729,1.157098
10.308333,0.130360,1.160548
10.316667,0.144248,1.152590
10.325000,0.144422,1.164550
10.333333,0.153950,1.174737
10.341667,0.126236,1.155822
10.350000,0.126561,1.159887
10.358333,0.113836,1.180512
10.366667,0.102185,1.176579
10.375000,0.103656,1.171710
10.383333,0.109068,1.146427
10.391667,0.113075,1.164269
10.400000,0.111775,1.177657
10.408333,0.107102,1.153226
10.416667,0.100600,1.148171
10.425000,0.126165,1.145605
10.433333,0.123477,1.157743
10.441667,0.135031,1.151642
10.450000,0.134339,1.169910
10.458333,0.153184,1.169348
10.466667,0.135156,1.159108
10.475000,0.146340,1.138349
10.483333,0.123584,1.167370
10.491667,0.114207,1.144629
10.500000,0.123397,1.152188
10.508333,0.110699,1.140348
10.516667,0.100626,1.143376
10.525000,0.113867,1.151932
10.533333,0.086621,1.147175
10.541667,0.094210,1.148627
10.550000,0.091154,1.127169
10.558333,0.103889,1.119480
10.566667,0.123801,1.113676
10.575000,0.135159,1.124142
10.583333,0.120046,1.111062
10.591667,0.134614,1.127223
10.600000,0.131196,1.115831
10.608333,0.128855,1.113788
10.616667,0.133684,1.121326
10.625000,0.135415,1.107002
10.633333,0.121516,1.106562
10.641667,0.109457,1.086439
10.650000,0.121086,1.077566
10.658333,0.106449,1.069363
10.666667,0.103372,1.063528
10.675000,0.097632,1.085052
10.683333,0.089741,1.055298
10.691667,0.106710,1.049582
10.700000,0.104482,1.045557
10.708333,0.099592,1.047612
10.716667,0.112609,1.049264
10.725000,0.131754,1.042340
10.733333,0.136437,1.024260
10.741667,0.132414,1.040924
10.750000,0.140802,1.042818
10.758333,0.145175,1.019849
10.766667,0.135711,1.013393
10.775000,0.124090,1.003735
10.783333,0.114719,0.987142
10.791667,0.096920,1.012224
10.800000,0.094959,0.991088
10.808333,0.099931,0.967113
10.816667,0.094243,0.962900
10.825000,0.105523,0.953037
10.833333,0.122147,0.944334
10.841667,0.125724,0.942535
10.850000,0.129662,0.954003
10.858333,0.143065,0.946117
10.866667,0.147905,0.926854
10.875000,0.155543,0.913101
10.883333,0.177695,0.912120
10.891667,0.176675,0.916430
10.900000,0.181901,0.886071
10.908333,0.156417,0.879621
10.916667,0.174831,0.881135
10.925000,0.151771,0.890365
10.933333,0.142101,0.862963
10.941667,0.139895,0.842596
10.950000,0.146662,0.835143
10.958333,0.137805,0.856670
10.966667,0.133770,0.834361
10.975000,0.147611,0.839979
10.983333,0.158318,0.812123
10.991667,0.159514,0.801511
11.000000,0.192235,0.792008
11.008333,0.206986,0.771764
11.016667,0.243973,0.786629
11.025000,0.275944,0.772657
11.033333,0.309366,0.745866
11.041667,0.344218,0.761875
11.050000,0.378119,0.752908
11.058333,0.373423,0.731428
11.066667,0.367692,0.715199
11.075000,0.346142,0.699827
11.083333,0.301001,0.704434
11.091667,0.266423,0.677180
11.100000,0.204546,0.665896
11.108333,0.180193,0.672251
11.116667,0.150802,0.670988
11.125000,0.145754,0.641291
11.133333,0.134527,0.650245
11.141667,0.120663,0.612897
11.150000,0.137848,0.627575
11.158333,0.121660,0.597670
11.166667,0.136173,0.588066
11.175000,0.138890,0.577055
11.183333,0.141001,0.564750
11.191667,0.142212,0.558787
11.200000,0.135149,0.563818
11.208333,0.102540,0.545212
11.216667,0.097887,0.523004
11.225000,0.107253,0.497298
11.233333,0.104920,0.489619
11.241667,0.101614,0.476118
11.250000,0.084148,0.489273
11.258333,0.092007,0.467630
11.266667,0.104371,0.439009
11.275000,0.086733,0.452995
11.283333,0.101986,0.440621
11.291667,0.105499,0.428524
11.300000,0.109941,0.407216
11.308333,0.125856,0.401714
11.316667,0.131759,0.392482
11.325000,0.122896,0.385727
11.333333,0.104049,0.348892
11.341667,0.106579,0.358673
11.350000,0.113780,0.333677
11.358333,0.081255,0.324351
11.366667,0.093047,0.328130
11.375000,0.083616,0.309417
11.383333,0.086799,0.289410
11.391667,0.079661,0.264037
11.400000,0.065904,0.260846
11.408333,0.079101,0.238204
11.416667,0.070562,0.251220
11.425000,0.081221,0.241338
11.433333,0.104468,0.215310
11.441667,0.085168,0.216360
11.450000,0.107745,0.179969
11.458333,0.113300,0.164032
11.466667,0.091664,0.170703
11.475000,0.096992,0.152469
11.483333,0.104286,0.123775
11.491667,0.084611,0.113248
11.500000,0.097661,0.113977
11.508333,0.070892,0.087654
11.516667,0.067883,0.104768
11.525000,0.069486,0.090997
11.533333,0.068580,0.063383
11.541667,0.069387,0.042664
11.550000,0.076949,0.035752
11.558333,0.075615,0.022642
11.566667,0.079280,0.002966
11.575000,0.082084,-0.008605
11.583333,0.096297,-0.020716
11.591667,0.082555,-0.039935
11.600000,0.103838,-0.021667
11.608333,0.089002,-0.064142
11.616667,0.089763,-0.065003
11.625000,0.079767,-0.091534
11.633333,0.078457,-0.100748
11.641667,0.085235,-0.086745
11.650000,0.069532,-0.116717
11.658333,0.056543,-0.125439
11.666667,0.057677,-0.133590
11.675000,0.038543,-0.136387
11.683333,0.063367,-0.167458
11.691667,0.039290,-0.168061
11.700000,0.053425,-0.187290
11.708333,0.048887,-0.203372
11.716667,0.074795,-0.229507
11.725000,0.071471,-0.233154
11.733333,0.090958,-0.251723
11.741667,0.082089,-0.235831
11.750000,0.090885,-0.253059
11.758333,0.091351,-0.265823
11.766667,0.089758,-0.286884
11.775000,0.098417,-0.307441
11.783333,0.095436,-0.318135
11.791667,0.068133,-0.320838
11.800000,0.084947,-0.326609
11.808333,0.063023,-0.358309
11.816667,0.079951,-0.343652
11.825000,0.073417,-0.355817
11.833333,0.083130,-0.398672
11.841667,0.087023,-0.400011
11.850000,0.087206,-0.393113
11.858333,0.091627,-0.416452
11.866667,0.098220,-0.438986
11.875000,0.124782,-0.457355
11.883333,0.123897,-0.441553
11.891667,0.132939,-0.447914
11.900000,0.105649,-0.466051
11.908333,0.104430,-0.497484
11.916667,0.121674,-0.504539
11.925000,0.101258,-0.515078
11.933333,0.114976,-0.530079
11.941667,0.119244,-0.539077
11.950000,0.141091,-0.524588
11.958333,0.146024,-0.566902
11.966667,0.187290,-0.568221
11.975000,0.227318,-0.587231
11.983333,0.278232,-0.595873
11.991667,0.284804,-0.606110
12.000000,0.302209,-0.615192
12.008333,0.298457,-0.600107
12.016667,0.271774,-0.635208
12.025000,0.244527,-0.643322
12.033333,0.223911,-0.639280
12.041667,0.195556,-0.667513
12.050000,0.158601,-0.653591
12.058333,0.120698,-0.676330
12.066667,0.098962,-0.680200
12.075000,0.055284,-0.709730
12.083333,0.039087,-0.692793
12.091667,0.054316,-0.715794
12.100000,0.031993,-0.737676
12.108333,0.032114,-0.724676
12.116667,0.027235,-0.738845
12.125000,0.035766,-0.768297
12.133333,0.036002,-0.777003
12.141667,0.047776,-0.785890
12.150000,0.053170,-0.763082
12.158333,0.059830,-0.782383
12.166667,0.057180,-0.802360
12.175000,0.045029,-0.797759
12.183333,0.051998,-0.826513
12.191667,0.054494,-0.829850
12.200000,0.046403,-0.844988
12.208333,0.034661,-0.828086
12.216667,0.045391,-0.854095
12.225000,0.034800,-0.862657
12.233333,0.028335,-0.856779
12.241667,0.017997,-0.872821
12.250000,0.019046,-0.884383
12.258333,0.008607,-0.899407
12.266667,0.010146,-0.889645
12.275000,0.013344,-0.897630
12.283333,0.008821,-0.900989
12.291667,0.033223,-0.908019
12.300000,0.030856,-0.939103
12.308333,0.049294,-0.935463
12.316667,0.030229,-0.936646
12.325000,0.054013,-0.935740
12.333333,0.033093,-0.963208
12.341667,0.019114,-0.942143
12.350000,0.011963,-0.957850
12.358333,0.014114,-0.958071
12.366667,0.007569,-0.970230
12.375000,0.006453,-0.978049
12.383333,-0.006952,-0.969623
12.391667,-0.005088,-1.001651
12.400000,-0.021863,-1.013487
12.408333,-0.014734,-0.993523
12.416667,-0.005740,-1.020335
12.425000,0.011996,-0.994820
12.433333,0.019096,-1.004283
12.441667,0.021772,-1.021183
12.450000,0.025303,-1.043785
12.458333,0.029816,-1.017090
12.466667,0.038421,-1.022924
12.475000,0.020529,-1.050120
12.483333,0.001096,-1.058826
12.491667,0.019663,-1.032538
12.500000,0.003262,-1.054894
12.508333,-0.010764,-1.067764
12.516667,-0.003122,-1.053557
12.525000,-0.027657,-1.066659
12.533333,-0.014564,-1.071922
12.541667,-0.015086,-1.080585
12.550000,-0.012576,-1.057965
12.558333,-0.030133,-1.061676
12.566667,-0.006285,-1.094701
12.575000,-0.008496,-1.067788
12.583333,-0.011412,-1.088951
12.591667,0.012764,-1.093129
12.600000,0.019745,-1.079423
12.608333,-0.003135,-1.075339
12.616667,0.016898,-1.092548
12.625000,0.017838,-1.079720
12.633333,-0.014587,-1.107592
12.641667,-0.020817,-1.086078
12.650000,-0.029088,-1.082617
12.658333,-0.019454,-1.092778
12.666667,-0.038501,-1.111106
12.675000,-0.023494,-1.091994
12.683333,-0.037784,-1.090165
12.691667,-0.044196,-1.104428
12.700000,-0.025089,-1.103254
12.708333,-0.014096,-1.112998
12.716667,-0.004418,-1.120266
12.725000,0.013818,-1.094564
12.733333,0.031275,-1.090163
12.741667,0.038698,-1.122828
12.750000,0.035574,-1.097944
12.758333,0.040583,-1.101816
12.766667,0.023361,-1.104846
12.775000,0.013545,-1.098509
12.783333,0.015371,-1.116635
12.791667,0.007398,-1.097521
12.800000,-0.003279,-1.106964
12.808333,0.005241,-1.096132
12.816667,-0.017235,-1.111213
12.825000,-0.003140,-1.112043
12.833333,-0.002894,-1.111172
12.841667,-0.002639,-1.096544
12.850000,0.011632,-1.105594
12.858333,0.006950,-1.096384
12.866667,0.017840,-1.078152
12.875000,0.058598,-1.100145
12.883333,0.054725,-1.079511
12.891667,0.102094,-1.098352
12.900000,0.116278,-1.092800
12.908333,0.134981,-1.061433
12.916667,0.172055,-1.089430
12.925000,0.203910,-1.060416
12.933333,0.200011,-1.076305
12.941667,0.214870,-1.072611
12.950000,0.196080,-1.069046
12.958333,0.152784,-1.054994
12.966667,0.141006,-1.051392
12.975000,0.101490,-1.032215
12.983333,0.053448,-1.039338
12.991667,0.024940,-1.034653
13.000000,0.008999,-1.041028
13.008333,0.012439,-1.028382
13.016667,0.001373,-1.029177
13.025000,0.002108,-1.038288
13.033333,-0.011054,-1.014163
13.041667,-0.004878,-0.998150
13.050000,-0.005267,-1.020339
13.058333,-0.026284,-1.019526
13.066667,-0.019567,-0.983816
13.075000,-0.046467,-0.982418
13.083333,-0.054230,-0.996993
13.091667,-0.050102,-0.997569
13.100000,-0.048251,-0.974489
13.108333,-0.075125,-0.964548
13.116667,-0.062528,-0.964939
13.125000,-0.049565,-0.948357
13.133333,-0.063718,-0.967295
13.141667,-0.047111,-0.934234
13.150000,-0.036082,-0.941669
13.158333,-0.022301,-0.945584
13.166667,-0.037454,-0.910675
13.175000,-0.019017,-0.902216
13.183333,-0.031980,-0.906157
13.191667,-0.040396,-0.897904
13.200000,-0.031555,-0.893844
13.208333,-0.060893,-0.894014
13.216667,-0.044686,-0.900432
13.225000,-0.071927,-0.884059
13.233333,-0.063060,-0.857969
13.241667,-0.066962,-0.870256
13.250000,-0.078543,-0.847173
13.258333,-0.081624,-0.837697
13.266667,-0.086610,-0.831902
13.275000,-0.068800,-0.841314
13.283333,-0.059082,-0.807666
13.291667,-0.065943,-0.813048
13.300000,-0.065397,-0.793793
13.308333,-0.042961,-0.787279
13.316667,-0.040880,-0.796785
13.325000,-0.037454,-0.766177
13.333333,-0.058956,-0.767646
13.341667,-0.057285,-0.777947
13.350000,-0.048553,-0.763389
13.358333,-0.084452,-0.738846
13.366667,-0.069139,-0.720586
13.375000,-0.081190,-0.733468
13.383333,-0.091399,-0.714114
13.391667,-0.078723,-0.713043
13.400000,-0.101108,-0.692854
13.408333,-0.082943,-0.702846
13.416667,-0.077967,-0.685957
13.425000,-0.089188,-0.667313
13.433333,-0.065840,-0.672855
13.441667,-0.062681,-0.661966
13.450000,-0.059739,-0.649838
13.458333,-0.073513,-0.617395
13.466667,-0.059573,-0.630892
13.475000,-0.059668,-0.620300
13.483333,-0.059307,-0.589935
13.491667,-0.075184,-0.590276
13.500000,-0.076489,-0.584308
13.508333,-0.084735,-0.583093
13.516667,-0.089470,-0.553524
13.525000,-0.113829,-0.540838
13.533333,-0.114813,-0.528193
13.541667,-0.102503,-0.537917
13.550000,-0.114620,-0.510596
13.558333,-0.092920,-0.493039
13.566667,-0.088803,-0.505789
13.575000,-0.085781,-0.471851
13.583333,-0.066382,-0.487003
13.591667,-0.064866,-0.463002
13.600000,-0.081162,-0.453806
13.608333,-0.070187,-0.434477
13.616667,-0.074568,-0.433222
13.625000,-0.067663,-0.430881
13.633333,-0.076912,-0.404999
13.641667,-0.090726,-0.396279
13.650000,-0.098172,-0.373982
13.658333,-0.090768,-0.371421
13.666667,-0.104930,-0.342047
13.675000,-0.122060,-0.344053
13.683333,-0.114703,-0.325876
13.691667,-0.101159,-0.323198
13.700000,-0.097188,-0.298137
13.708333,-0.070235,-0.297056
13.716667,-0.077521,-0.302149
13.725000,-0.045063,-0.264916
13.733333,-0.053785,-0.252506
13.741667,-0.045772,-0.271150
13.750000,-0.039119,-0.246771
13.758333,-0.029827,-0.215919
13.766667,-0.032130,-0.221916
13.775000,-0.051312,-0.206369
13.783333,-0.052460,-0.197833
13.791667,-0.064237,-0.192246
13.800000,-0.055051,-0.172182
13.808333,-0.062785,-0.166312
13.816667,-0.084691,-0.134934
13.825000,-0.088098,-0.144923
13.833333,-0.078120,-0.133464
13.841667,-0.073613,-0.102428
13.850000,-0.040616,-0.100136
13.858333,-0.023380,-0.100521
13.866667,-0.022693,-0.070213
13.875000,0.025200,-0.071950
13.883333,0.053228,-0.047861
13.891667,0.082336,-0.037966
13.900000,0.102263,-0.015403
13.908333,0.131530,-0.021285
13.916667,0.151352,-0.016672
13.925000,0.158374,0.000639
13.933333,0.128529,0.010842
13.941667,0.113385,0.037747
13.950000,0.076261,0.051203
13.958333,0.030276,0.052333
13.966667,-0.015591,0.077615
13.975000,-0.030867,0.067582
13.983333,-0.045519,0.071937
13.991667,-0.076270,0.102189
14.000000,-0.062313,0.125374
14.008333,-0.086173,0.123932
14.016667,-0.067987,0.140381
14.025000,-0.080378,0.157485
14.033333,-0.059662,0.163185
14.041667,-0.081719,0.176116
14.050000,-0.084584,0.179509
14.058333,-0.089072,0.188530
14.066667,-0.099708,0.195792
14.075000,-0.106110,0.228035
14.083333,-0.100640,0.213220
14.091667,-0.120769,0.234269
14.100000,-0.130152,0.257271
14.108333,-0.135377,0.244849
14.116667,-0.110259,0.280684
14.125000,-0.123341,0.288955
14.133333,-0.106317,0.290829
14.141667,-0.107719,0.305087
14.150000,-0.096633,0.302760
14.158333,-0.090922,0.323661
14.166667,-0.101417,0.331996
14.175000,-0.082359,0.364231
14.183333,-0.077054,0.377074
14.191667,-0.106228,0.362257
14.200000,-0.109164,0.392371
14.208333,-0.098067,0.375859
14.216667,-0.105620,0.416251
14.225000,-0.112578,0.420921
14.233333,-0.112999,0.428531
14.241667,-0.138288,0.416975
14.250000,-0.125144,0.460407
14.258333,-0.135667,0.443107
14.266667,-0.128299,0.449195
14.275000,-0.129040,0.463184
14.283333,-0.123360,0.474367
14.291667,-0.108013,0.511031
14.300000,-0.096091,0.517008
14.308333,-0.104052,0.505682
14.316667,-0.088080,0.508349
14.325000,-0.086509,0.516890
14.333333,-0.103413,0.560607
14.341667,-0.105636,0.561301
14.350000,-0.103337,0.575541
14.358333,-0.106557,0.587133
14.366667,-0.131779,0.576764
14.375000,-0.120371,0.602894
14.383333,-0.141428,0.614983
14.391667,-0.130315,0.614117
14.400000,-0.141504,0.605968
14.408333,-0.137523,0.635776
14.416667,-0.124811,0.619457
14.425000,-0.107529,0.645129
14.433333,-0.116293,0.653575
14.441667,-0.114244,0.653361
14.450000,-0.115106,0.670134
14.458333,-0.090123,0.668417
14.466667,-0.087232,0.681779
14.475000,-0.116047,0.681367
14.483333,-0.119687,0.709289
14.491667,-0.109496,0.720034
14.500000,-0.106319,0.722395
14.508333,-0.130256,0.730428
14.516667,-0.143130,0.732520
14.525000,-0.148981,0.743433
14.533333,-0.131793,0.748301
14.541667,-0.134355,0.755505
14.550000,-0.142820,0.746526
14.558333,-0.145104,0.757429
14.566667,-0.109139,0.761402
14.575000,-0.115631,0.774933
14.583333,-0.105392,0.776652
14.591667,-0.098467,0.785253
14.600000,-0.094967,0.787251
14.608333,-0.108826,0.821296
14.616667,-0.107526,0.809925
14.625000,-0.112489,0.825405
14.633333,-0.095844,0.832370
14.641667,-0.119179,0.830358
14.650000,-0.101908,0.849395
14.658333,-0.107357,0.855784
14.666667,-0.112850,0.834785
14.675000,-0.101385,0.869103
14.683333,-0.114476,0.874540
14.691667,-0.087263,0.876186
14.700000,-0.097694,0.858405
14.708333,-0.092549,0.873563
14.716667,-0.077290,0.872876
14.725000,-0.053059,0.883071
14.733333,-0.073343,0.893722
14.741667,-0.059044,0.892615
14.750000,-0.054070,0.888750
14.758333,-0.043586,0.906569
14.766667,-0.064746,0.900737
14.775000,-0.060106,0.906768
14.783333,-0.065026,0.899580
14.791667,-0.073033,0.900476
14.800000,-0.062923,0.908646
14.808333,-0.055624,0.920723
14.816667,-0.060807,0.912678
14.825000,-0.023108,0.945746
14.833333,0.020261,0.926107
14.841667,0.048061,0.925921
14.850000,0.091115,0.940463
14.858333,0.115788,0.924500
14.866667,0.146549,0.948565
14.875000,0.154979,0.932668
14.883333,0.145014,0.934273
14.891667,0.130958,0.940612
14.900000,0.090005,0.958925
14.908333,0.028004,0.958343
14.916667,-0.011086,0.971282
14.925000,-0.048075,0.951079
14.933333,-0.072108,0.952570
14.941667,-0.086506,0.958568
14.950000,-0.094713,0.947072
14.958333,-0.097362,0.972111
14.966667,-0.108166,0.952197
14.975000,-0.124774,0.948494
14.983333,-0.104808,0.949890
14.991667,-0.113588,0.956096
15.000000,-0.092984,0.956495
15.008333,-0.096805,0.966208
15.016667,-0.097399,0.971430
15.025000,-0.083512,0.954098
15.033333,-0.077756,0.953912
15.041667,-0.091012,0.957343
15.050000,-0.081095,0.954583
15.058333,-0.101520,0.976357
15.066667,-0.104097,0.956588
15.075000,-0.099691,0.949170
15.083333,-0.113189,0.948094
15.091667,-0.109586,0.947707
15.100000,-0.132934,0.965634
15.108333,-0.117138,0.948336
15.116667,-0.120333,0.970803
15.125000,-0.130944,0.940750
15.133333,-0.119443,0.948046
15.141667,-0.096239,0.959829
15.150000,-0.087388,0.952392
15.158333,-0.088095,0.948403
15.166667,-0.074719,0.938896
15.175000,-0.083979,0.952897
15.183333,-0.069459,0.919809
15.191667,-0.100978,0.938529
15.200000,-0.100547,0.934411
15.208333,-0.107408,0.934188
15.216667,-0.097281,0.941385
15.225000,-0.100992,0.935192
15.233333,-0.127482,0.931753
15.241667,-0.122535,0.904444
15.250000,-0.110983,0.927140
15.258333,-0.115013,0.900911
15.266667,-0.128828,0.894882
15.275000,-0.101718,0.889082
15.283333,-0.111683,0.879725
15.291667,-0.081886,0.906859
15.300000,-0.080272,0.884797
15.308333,-0.086001,0.868253
15.316667,-0.074540,0.882942
15.325000,-0.091986,0.869741
15.333333,-0.087262,0.856202
15.341667,-0.086436,0.873322
15.350000,-0.085424,0.860088
15.358333,-0.113682,0.839986
15.366667,-0.103010,0.856969
15.375000,-0.101986,0.853337
15.383333,-0.127938,0.833763
15.391667,-0.115440,0.830758
15.400000,-0.103302,0.820430
15.408333,-0.104901,0.804729
15.416667,-0.112493,0.798637
15.425000,-0.101542,0.802880
15.433333,-0.091187,0.783551
15.441667,-0.096756,0.795034
15.450000,-0.075264,0.787170
15.458333,-0.060391,0.761638
15.466667,-0.072046,0.777957
15.475000,-0.066284,0.758206
15.483333,-0.076181,0.744519
15.491667,-0.078737,0.765587
15.500000,-0.093915,0.730595
15.508333,-0.103707,0.726748
15.516667,-0.098239,0.715552
15.525000,-0.116412,0.712869
15.533333,-0.096926,0.722956
15.541667,-0.094714,0.689147
15.550000,-0.110686,0.702953
15.558333,-0.112155,0.705003
15.566667,-0.084011,0.697666
15.575000,-0.076166,0.676059
15.583333,-0.049753,0.655489
15.591667,-0.062316,0.661361
15.600000,-0.034507,0.639501
15.608333,-0.042795,0.641982
15.616667,-0.018161,0.614527
15.625000,-0.033638,0.614012
15.633333,-0.025060,0.610712
15.641667,-0.049456,0.613948
15.650000,-0.036967,0.612388
15.658333,-0.064325,0.571430
15.666667,-0.051578,0.582592
15.675000,-0.061366,0.556477
15.683333,-0.049808,0.545602
15.691667,-0.049778,0.555470
15.700000,-0.038458,0.526915
15.708333,-0.046856,0.533165
15.716667,-0.023732,0.504383
15.725000,-0.008614,0.519155
15.733333,0.009644,0.500905
15.741667,0.006812,0.491830
15.750000,0.046623,0.498699
15.758333,0.057136,0.489172
15.766667,0.081085,0.471538
15.775000,0.128332,0.454430
15.783333,0.161951,0.431382
15.791667,0.155954,0.445274
15.800000,0.187083,0.432267
15.808333,0.176332,0.407708
15.816667,0.134463,0.407282
15.825000,0.127922,0.392236
15.833333,0.097015,0.373534
15.841667,0.069850,0.361148
15.850000,0.021078,0.358100
15.858333,0.018871,0.365082
15.866667,-0.011904,0.354066
15.875000,-0.004957,0.325795
15.883333,-0.021525,0.316851
15.891667,-0.026063,0.312780
15.900000,-0.035230,0.276358
15.908333,-0.038395,0.268387
15.916667,-0.047559,0.255064
15.925000,-0.059215,0.248097
15.933333,-0.044911,0.262588
15.941667,-0.055775,0.239143
15.950000,-0.062441,0.240877
15.958333,-0.074890,0.211796
15.966667,-0.064743,0.195040
15.975000,-0.069448,0.202843
15.983333,-0.063054,0.164892
15.991667,-0.068521,0.168404
16.000000,-0.051640,0.151844
16.008333,-0.046919,0.158578
16.016667,-0.033161,0.135487
16.025000,-0.017273,0.108076
16.033333,-0.041657,0.117917
16.041667,-0.042609,0.100894
16.050000,-0.026003,0.081981
16.058333,-0.046930,0.065942
16.066667,-0.054833,0.078107
16.075000,-0.041707,0.056516
16.083333,-0.048206,0.050758
16.091667,-0.073561,0.049569
16.100000,-0.072203,0.015603
16.108333,-0.066170,0.020632
16.116667,-0.061659,-0.019692
16.125000,-0.050598,-0.005528
16.133333,-0.050654,-0.040972
16.141667,-0.056234,-0.022666
16.150000,-0.026048,-0.056095
16.158333,-0.038097,-0.072830
16.166667,-0.029184,-0.063134
16.175000,-0.027712,-0.082062
16.183333,-0.007641,-0.101715
16.191667,-0.036634,-0.093771
16.200000,-0.026804,-0.103782
16.208333,-0.039665,-0.127136
16.216667,-0.035489,-0.132277
16.225000,-0.059211,-0.153001
16.233333,-0.043576,-0.160562
16.241667,-0.047377,-0.172940
16.250000,-0.062981,-0.199814
16.258333,-0.039789,-0.200847
16.266667,-0.042254,-0.217749
16.275000,-0.055358,-0.237507
16.283333,-0.040792,-0.227887
16.291667,-0.028470,-0.229251
16.300000,-0.028538,-0.274413
16.308333,-0.006662,-0.277879
16.316667,-0.014242,-0.270408
16.325000,-0.015559,-0.303606
16.333333,-0.003746,-0.287186
16.341667,-0.028607,-0.302127
16.350000,-0.034979,-0.328843
16.358333,-0.041927,-0.344636
16.366667,-0.042827,-0.330112
16.375000,-0.029969,-0.362328
16.383333,-0.047760,-0.352157
16.391667,-0.043775,-0.396294
16.400000,-0.032221,-0.396881
16.408333,-0.048724,-0.412930
16.416667,-0.021899,-0.408843
16.425000,-0.029094,-0.439635
16.433333,-0.022589,-0.420844
16.441667,-0.002174,-0.443034
16.450000,-0.011751,-0.455244
16.458333,-0.004560,-0.471887
16.466667,0.003119,-0.471638
16.475000,-0.011026,-0.485824
16.483333,-0.017965,-0.484497
16.491667,-0.006298,-0.501151
16.500000,-0.014852,-0.513564
16.508333,-0.020093,-0.529278
16.516667,-0.023490,-0.542143
16.525000,-0.010480,-0.563712
16.533333,0.003825,-0.559315
16.541667,-0.002128,-0.561178
16.550000,0.008845,-0.576924
16.558333,0.017413,-0.571856
16.566667,0.038071,-0.586177
16.575000,0.040419,-0.606126
16.583333,0.059058,-0.603165
16.591667,0.049157,-0.618920
16.600000,0.059589,-0.624238
16.608333,0.058057,-0.660872
16.616667,0.071140,-0.663511
16.625000,0.056809,-0.658731
16.633333,0.050022,-0.671962
16.641667,0.039761,-0.675510
16.650000,0.035641,-0.692396
16.658333,0.026489,-0.687597
16.666667,0.037829,-0.710451
16.675000,0.059481,-0.728341
16.683333,0.072940,-0.728271
16.691667,0.097340,-0.745296
16.700000,0.129872,-0.726118
16.708333,0.170118,-0.767152
16.716667,0.226582,-0.754687
16.725000,0.242288,-0.761114
16.733333,0.268773,-0.768973
16.741667,0.273884,-0.769251
16.750000,0.270871,-0.792037
16.758333,0.260288,-0.806362
16.766667,0.214352,-0.816707
16.775000,0.170473,-0.829442
16.783333,0.128364,-0.819975
16.791667,0.074179,-0.837866
16.800000,0.050939,-0.851954
16.808333,0.032735,-0.830461
16.816667,0.033687,-0.846030
16.825000,0.010348,-0.861339
16.833333,0.005726,-0.864368
16.841667,0.033300,-0.882354
16.850000,0.035425,-0.890465
16.858333,0.032907,-0.878454
16.866667,0.030847,-0.902718
16.875000,0.047830,-0.907724
16.883333,0.058647,-0.917911
16.891667,0.065426,-0.921250
16.900000,0.062012,-0.922908
16.908333,0.052873,-0.931265
16.916667,0.032148,-0.916783
16.925000,0.039489,-0.946455
16.933333,0.024311,-0.922931
16.941667,0.025290,-0.944886
16.950000,0.020277,-0.932964
16.958333,0.024472,-0.965210
16.966667,0.017172,-0.972376
16.975000,0.020724,-0.958371
16.983333,0.016720,-0.967834
16.991667,0.017884,-0.954773
17.000000,0.024303,-0.983385
17.008333,0.039748,-0.965230
17.016667,0.046271,-0.968655
17.025000,0.057477,-0.995748
17.033333,0.066096,-1.006120
17.041667,0.043718,-0.994513
17.050000,0.064368,-1.010184
17.058333,0.036956,-0.984035
17.066667,0.058088,-1.019691
17.075000,0.032346,-1.015240
17.083333,0.030211,-1.007115
17.091667,0.022666,-1.012220
17.100000,0.036996,-1.005709
17.108333,0.036710,-1.002020
17.116667,0.018812,-1.027874
17.125000,0.024104,-1.022601
17.133333,0.037459,-1.042222
17.141667,0.047460,-1.013463
17.150000,0.061635,-1.047364
17.158333,0.059533,-1.025495
17.166667,0.055650,-1.023691
17.175000,0.062708,-1.031965
17.183333,0.067192,-1.021485
17.191667,0.053661,-1.036187
17.200000,0.064534,-1.050889
17.208333,0.065664,-1.029492
17.216667,0.048823,-1.038862
17.225000,0.034296,-1.057714
17.233333,0.045369,-1.055119
17.241667,0.046275,-1.048334
17.250000,0.019849,-1.054311
17.258333,0.020961,-1.048130
17.266667,0.052453,-1.044275
17.275000,0.032010,-1.039007
17.283333,0.055912,-1.054191
17.291667,0.055087,-1.050235
17.300000,0.069225,-1.055398
17.308333,0.066722,-1.049065
17.316667,0.075361,-1.029036
17.325000,0.085550,-1.042498
17.333333,0.073435,-1.031158
17.341667,0.068887,-1.029027
17.350000,0.054065,-1.023772
17.358333,0.045717,-1.037141
17.366667,0.050825,-1.029889
17.375000,0.040542,-1.043256
17.383333,0.044954,-1.028007
17.391667,0.036419,-1.038810
17.400000,0.051097,-1.037700
17.408333,0.035771,-1.013110
17.416667,0.044533,-1.027296
17.425000,0.063892,-1.015795
17.433333,0.073479,-1.013532
17.441667,0.084949,-0.997891
17.450000,0.082393,-1.004867
17.458333,0.083494,-1.025519
17.466667,0.077754,-0.989943
17.475000,0.092859,-0.988892
17.483333,0.106842,-0.995940
17.491667,0.092319,-0.983547
17.500000,0.107031,-0.992876
17.508333,0.105370,-0.984924
17.516667,0.086626,-0.981624
17.525000,0.092360,-0.989483
17.533333,0.094884,-0.960277
17.541667,0.104968,-0.974057
17.550000,0.106991,-0.949610
17.558333,0.094524,-0.947508
17.566667,0.107516,-0.946223
17.575000,0.126425,-0.935137
17.583333,0.127943,-0.961497
17.591667,0.137358,-0.941603
17.600000,0.149958,-0.946724
17.608333,0.155372,-0.920010
17.616667,0.144507,-0.914829
17.625000,0.138817,-0.926768
17.633333,0.155680,-0.902222
17.641667,0.143332,-0.914790
17.650000,0.165884,-0.897767
17.658333,0.190693,-0.900260
17.666667,0.212450,-0.881847
17.675000,0.250123,-0.867759
17.683333,0.283764,-0.863846
17.691667,0.315423,-0.864806
17.700000,0.316424,-0.856222
17.708333,0.352392,-0.850254
17.716667,0.336859,-0.859437
17.725000,0.313633,-0.836774
17.733333,0.296733,-0.828261
17.741667,0.272189,-0.812991
17.750000,0.232493,-0.834044
17.758333,0.200504,-0.819294
17.766667,0.157049,-0.797981
17.775000,0.129493,-0.791644
17.783333,0.109771,-0.792971
17.791667,0.106260,-0.774175
17.800000,0.111788,-0.763218
17.808333,0.093885,-0.780058
17.816667,0.103560,-0.761362
17.825000,0.077980,-0.730918
17.833333,0.087131,-0.746087
17.841667,0.093924,-0.744448
17.850000,0.103073,-0.736123
17.858333,0.106041,-0.706441
17.866667,0.114539,-0.689962
17.875000,0.109713,-0.694277
17.883333,0.121027,-0.691506
17.891667,0.133455,-0.674400
17.900000,0.113027,-0.684041
17.908333,0.108198,-0.652206
17.916667,0.104310,-0.641938
17.925000,0.097843,-0.626527
17.933333,0.110920,-0.613072
17.941667,0.091080,-0.605921
17.950000,0.101578,-0.603855
17.958333,0.097127,-0.613066
17.966667,0.085048,-0.587949
17.975000,0.078731,-0.569155
17.983333,0.080545,-0.572731
17.991667,0.110291,-0.573168