time,analog_channel_a,analog_channel_b,motion_proxy
0.000000,0.016378,0.060525,-0.031208
0.008333,0.497190,0.257663,-0.011835
0.016667,0.525719,0.255631,0.049832
0.025000,0.270751,0.191761,0.058104
0.033333,0.026924,0.115746,0.132925
0.041667,0.089763,0.200621,0.216738
0.050000,0.137432,0.293919,0.176296
0.058333,0.260907,0.480105,0.243817
0.066667,0.706321,0.783157,0.261447
0.075000,0.924383,0.795113,0.218677
0.083333,0.716367,0.663024,0.208373
0.091667,0.398076,0.418711,0.207437
0.100000,0.484541,0.436762,0.209383
0.108333,0.437804,0.461240,0.303822
0.116667,0.557761,0.520869,0.239680
0.125000,0.665018,0.699353,0.209516
0.133333,1.079404,0.900726,0.220919
0.141667,0.789013,0.824290,0.224344
0.150000,0.322497,0.345880,0.125323
0.158333,0.268797,0.173235,0.090064
0.166667,0.473488,0.283222,0.178656
0.175000,0.456162,0.508834,0.109907
0.183333,0.560745,0.464965,0.049499
0.191667,0.411613,0.338219,0.018678
0.200000,0.352940,0.462376,0.069976
0.208333,-0.003013,-0.008285,-0.009372
0.216667,-0.150610,-0.166665,0.039154
0.225000,-0.152364,-0.333410,0.088637
0.233333,0.089076,0.069758,0.083760
0.241667,-0.031821,-0.021862,0.107326
0.250000,0.029415,-0.167372,0.081539
0.258333,0.058086,-0.206784,0.076620
0.266667,-0.331712,-0.238361,0.111414
0.275000,-0.756890,-0.698644,0.180695
0.283333,-0.699499,-0.867153,0.220038
0.291667,-0.513664,-0.637339,0.154026
0.300000,-0.169332,-0.312826,0.250115
0.308333,-0.292165,-0.508047,0.304165
0.316667,-0.507425,-0.469599,0.350062
0.325000,-0.699956,-0.717964,0.376900
0.333333,-0.814475,-0.807818,0.404955
0.341667,-0.844706,-0.967230,0.446613
0.350000,-0.771178,-0.653753,0.488673
0.358333,-0.492984,-0.375703,0.460163
0.366667,-0.079985,-0.178950,0.506166
0.375000,-0.518493,-0.498142,0.483327
0.383333,-0.602284,-0.498240,0.461325
0.391667,-0.476514,-0.515321,0.477075
0.400000,-0.752686,-0.365964,0.506115
0.408333,-0.499988,-0.510284,0.492272
0.416667,-0.364222,-0.292839,0.466383
0.425000,0.284712,0.082755,0.499932
0.433333,0.216460,0.086383,0.412894
0.441667,-0.085807,-0.083276,0.450931
0.450000,-0.351383,-0.122084,0.485215
0.458333,-0.186566,-0.046837,0.390599
0.466667,0.100561,0.171377,0.428445
0.475000,0.293173,0.160379,0.313063
0.483333,0.378731,0.592080,0.318613
0.491667,0.758218,0.591236,0.268672
0.500000,0.434415,0.469706,0.217093
0.508333,0.002694,0.243783,0.280456
0.516667,0.129309,0.384493,0.211237
0.525000,0.586258,0.658397,0.284081
0.533333,0.764980,0.663746,0.188321
0.541667,0.672679,0.630783,0.255527
0.550000,0.681952,0.900160,0.222290
0.558333,0.745048,0.603360,0.229752
0.566667,0.493298,0.359071,0.245917
0.575000,0.327688,0.323775,0.252852
0.583333,0.393617,0.609984,0.318207
0.591667,0.875018,0.556140,0.245196
0.600000,0.817408,0.587440,0.264528
0.608333,0.653551,0.542850,0.297813
0.616667,0.575222,0.537725,0.420703
0.625000,0.226369,0.169597,0.384554
0.633333,0.083554,0.020151,0.415973
0.641667,-0.018372,-0.080173,0.505544
0.650000,0.410539,0.344669,0.495776
0.658333,0.443984,0.308444,0.459750
0.666667,0.276456,0.160531,0.559248
0.675000,0.146836,-0.159781,0.597506
0.683333,-0.145509,-0.293688,0.537993
0.691667,-0.358017,-0.339376,0.560088
0.700000,-0.509584,-0.422134,0.612704
0.708333,-0.051064,-0.257714,0.558464
0.716667,0.062853,-0.156782,0.600618
0.725000,0.011484,-0.298450,0.610264
0.733333,-0.346625,-0.452157,0.556566
0.741667,-0.752022,-0.549769,0.550251
0.750000,-0.730517,-0.608822,0.475840
0.758333,-0.611403,-0.785969,0.424591
0.766667,-0.749594,-0.608926,0.471473
0.775000,-0.189716,-0.427442,0.398478
0.783333,-0.294884,-0.171223,0.358125
0.791667,-0.652315,-0.563223,0.360110
0.800000,-0.796467,-0.863610,0.274272
0.808333,-0.982700,-0.697561,0.269203
0.816667,-0.648149,-0.436507,0.204063
0.825000,-0.641454,-0.332300,0.201815
0.833333,-0.407760,-0.249801,0.140016
0.841667,-0.090779,-0.156285,0.121122
0.850000,-0.398873,-0.038625,0.124330
0.858333,-0.649111,-0.378386,0.161702
0.866667,-0.729392,-0.455646,0.141464
0.875000,-0.414125,-0.050515,0.142322
0.883333,-0.244973,-0.007324,0.182034
0.891667,-0.084845,0.124139,0.219729
0.900000,0.001831,0.294885,0.169586
0.908333,0.116994,0.342112,0.191956
0.916667,-0.055535,0.158534,0.165447
0.925000,-0.324409,-0.007389,0.208364
0.933333,-0.066841,0.229354,0.317995
0.941667,0.567408,0.440641,0.250700
0.950000,0.733012,0.656894,0.333479
0.958333,0.548200,0.442683,0.296513
0.966667,0.512885,0.522075,0.311490
0.975000,0.351342,0.435355,0.344794
0.983333,0.181581,0.406984,0.428451
0.991667,0.054802,0.380715,0.388343
1.000000,0.537721,0.490402,0.355359
1.008333,1.039861,0.712956,0.401038
1.016667,0.758327,0.730846,0.412711
1.025000,0.480713,0.369438,0.450423
1.033333,0.434537,0.422082,0.418395
1.041667,0.569626,0.243210,0.355949
1.050000,0.191040,0.140403,0.317676
1.058333,0.416448,0.179593,0.296981
1.066667,0.887790,0.543078,0.294278
1.075000,1.000091,0.642124,0.178841
1.083333,0.428180,0.219772,0.178805
1.091667,0.122881,-0.067617,0.220534
1.100000,0.237134,0.005125,0.085515
1.108333,-0.048612,0.015269,0.041415
1.116667,0.129348,-0.102244,0.019982
1.125000,0.361809,-0.002147,0.006238
1.133333,0.239742,0.023276,-0.070112
1.141667,0.164381,0.037512,-0.068647
1.150000,-0.373076,-0.334795,-0.004903
1.158333,-0.477913,-0.624471,-0.112396
1.166667,-0.473932,-0.511587,-0.127977
1.175000,-0.148396,-0.292053,-0.087034
1.183333,-0.392743,-0.436292,-0.115731
1.191667,-0.175691,-0.337355,-0.078560
1.200000,-0.006518,-0.197486,-0.103563
1.208333,-0.506492,-0.485973,-0.064887
1.216667,-0.776211,-0.746032,-0.115270
1.225000,-0.927767,-0.690249,-0.093760
1.233333,-0.355153,-0.507103,-0.072115
1.241667,-0.317477,-0.364874,-0.005469
1.250000,-0.526277,-0.430470,-0.000761
1.258333,-0.301032,-0.350422,-0.009555
1.266667,-0.541473,-0.289125,0.075664
1.275000,-0.697364,-0.535973,0.075283
1.283333,-0.834379,-0.652532,0.078212
1.291667,-0.561409,-0.169091,0.110476
1.300000,-0.178325,0.086228,0.094597
1.308333,-0.053942,0.029024,0.091990
1.316667,-0.379767,0.040689,0.066646
1.325000,-0.174648,-0.031678,0.081558
1.333333,-0.389326,-0.195830,0.073015
1.341667,-0.469762,-0.090842,0.045752
1.350000,-0.292997,0.017930,0.072162
1.358333,0.173300,0.438298,0.019361
1.366667,0.483809,0.530738,-0.015269
1.375000,0.260544,0.262918,-0.076999
1.383333,0.129783,0.272783,-0.096644
1.391667,0.191166,0.324033,-0.110028
1.400000,0.143119,0.361781,-0.111982
1.408333,0.216585,0.278719,-0.159699
1.416667,0.394829,0.415845,-0.207010
1.425000,0.929509,0.646812,-0.202331
1.433333,0.592340,0.553469,-0.298047
1.441667,0.504140,0.225815,-0.285407
1.450000,0.140941,0.265183,-0.284830
1.458333,0.605727,0.400551,-0.313035
1.466667,0.530027,0.307132,-0.389241
1.475000,0.642726,0.363840,-0.353531
1.483333,1.026103,0.632494,-0.444050
1.491667,0.858721,0.569049,-0.429496
1.500000,0.631448,0.290697,-0.455844
1.508333,0.036737,-0.081788,-0.388278
1.516667,0.255924,0.119148,-0.392493
1.525000,0.498258,0.106959,-0.391482
1.533333,0.676171,0.305491,-0.415075
1.541667,0.585227,0.073844,-0.340318
1.550000,0.668394,0.164058,-0.369122
1.558333,0.403904,0.078467,-0.349544
1.566667,-0.152714,-0.325199,-0.231981
1.575000,-0.111387,-0.423175,-0.248806
1.583333,-0.087374,-0.139731,-0.237692
1.591667,0.203578,0.042245,-0.199079
1.600000,0.234314,-0.002662,-0.182016
1.608333,0.037749,-0.102474,-0.229154
1.616667,-0.177409,-0.294878,-0.144459
1.625000,-0.234583,-0.327213,-0.181894
1.633333,-0.804414,-0.546127,-0.208982
1.641667,-0.566592,-0.630940,-0.166525
1.650000,-0.157012,-0.367567,-0.147740
1.658333,-0.185788,-0.174321,-0.196757
1.666667,-0.516967,-0.404737,-0.166565
1.675000,-0.659022,-0.472796,-0.220039
1.683333,-0.564780,-0.534107,-0.238140
1.691667,-0.766746,-0.604414,-0.321539
1.700000,-0.891446,-0.482515,-0.306301
1.708333,-0.726146,-0.273961,-0.342032
1.716667,-0.109092,0.036126,-0.411330
1.725000,-0.454393,0.002603,-0.392264
1.733333,-0.617022,-0.332864,-0.433084
1.741667,-0.798891,-0.245195,-0.514932
1.750000,-0.637060,-0.341267,-0.459117
1.758333,-0.523827,-0.216058,-0.467379
1.766667,-0.311350,-0.073739,-0.530790
1.775000,-0.132686,0.183038,-0.520268
1.783333,0.241099,0.197538,-0.618510
1.791667,-0.311565,0.082294,-0.615693
1.800000,-0.585514,-0.151783,-0.623527
1.808333,-0.290189,-0.147638,-0.574230
1.816667,-0.187335,0.011524,-0.502953
1.825000,-0.058153,0.080001,-0.510774
1.833333,0.313434,0.275858,-0.517918
1.841667,0.398754,0.450431,-0.490781
1.850000,0.608205,0.345565,-0.528589
1.858333,-0.006713,0.186076,-0.507345
1.866667,-0.069435,0.150129,-0.455573
1.875000,0.276627,0.372299,-0.363418
1.883333,0.510153,0.365125,-0.389033
1.891667,0.562241,0.393457,-0.391904
1.900000,0.729922,0.451889,-0.333634
1.908333,0.830315,0.504938,-0.248197
1.916667,0.633076,0.317851,-0.230653
1.925000,0.173441,-0.003297,-0.191506
1.933333,0.406773,0.148922,-0.283952
1.941667,0.589200,0.358745,-0.213289
1.950000,0.889548,0.431080,-0.190770
1.958333,0.666624,0.207046,-0.209920
1.966667,0.765388,0.175295,-0.244741
1.975000,0.650814,0.081746,-0.184467
1.983333,0.201175,-0.004701,-0.220605
1.991667,0.052536,-0.216117,-0.218514
2.000000,0.399843,0.139449,-0.245622
2.008333,0.758008,0.317658,-0.298619
2.016667,0.402428,0.105418,-0.378285
2.025000,0.159509,0.043568,-0.405764
2.033333,0.004841,-0.154025,-0.331152
2.041667,-0.007226,-0.218871,-0.378033
2.050000,-0.279825,-0.284695,-0.377105
2.058333,-0.275114,-0.262238,-0.465144
2.066667,0.060242,-0.079264,-0.523617
2.075000,0.046872,0.105945,-0.460529
2.083333,-0.074356,-0.084356,-0.528174
2.091667,-0.583105,-0.385186,-0.516762
2.100000,-0.531129,-0.494587,-0.523976
2.108333,-0.470710,-0.427929,-0.520326
2.116667,-0.759427,-0.480276,-0.536286
2.125000,-0.488658,-0.117372,-0.474443
2.133333,-0.117293,-0.017861,-0.514677
2.141667,-0.301947,-0.004130,-0.477177
2.150000,-0.643686,-0.499200,-0.451493
2.158333,-1.078170,-0.423008,-0.411007
2.166667,-0.822719,-0.283972,-0.343109
2.175000,-0.630862,-0.305675,-0.335751
2.183333,-0.656337,-0.119062,-0.293897
2.191667,-0.286885,0.044851,-0.249109
2.200000,-0.107578,0.041307,-0.194442
2.208333,-0.639610,-0.127710,-0.154030
2.216667,-0.691830,-0.491892,-0.131059
2.225000,-0.770441,-0.201075,-0.091961
2.233333,-0.146153,0.049246,-0.124444
2.241667,-0.068050,0.073175,-0.069220
2.250000,0.100585,-0.000135,-0.050996
2.258333,-0.047941,0.214679,-0.066635
2.266667,0.175759,0.168285,-0.032238
2.275000,-0.259150,-0.028166,-0.081123
2.283333,-0.458633,-0.090071,-0.035344
2.291667,0.081180,0.013174,-0.101617
2.300000,0.655629,0.423007,0.001194
2.308333,0.433319,0.367918,-0.096089
2.316667,0.407986,0.228685,-0.046257
2.325000,0.409906,0.137361,-0.084965
2.333333,0.480059,0.124872,-0.164619
2.341667,0.145531,0.096621,-0.113766
2.350000,0.258219,0.091297,-0.182520
2.358333,0.677883,0.401222,-0.232447
2.366667,0.989949,0.612200,-0.250084
2.375000,0.844084,0.367813,-0.197462
2.383333,0.308842,0.106575,-0.266735
2.391667,0.463534,0.178721,-0.296974
2.400000,0.433919,0.001694,-0.231232
2.408333,0.288539,-0.020382,-0.256294
2.416667,0.642583,0.253735,-0.251241
2.425000,1.046899,0.404736,-0.305627
2.433333,0.837425,0.272001,-0.294316
2.441667,0.216788,0.041834,-0.231194
2.450000,0.083560,0.034562,-0.240588
2.458333,0.064171,0.100019,-0.132117
2.466667,0.308238,0.039337,-0.113130
2.475000,0.126291,0.040891,-0.108286
2.483333,0.401085,0.226607,-0.080872
2.491667,0.286283,0.168044,-0.058785
2.500000,0.101723,0.037789,-0.000885
2.508333,-0.410531,-0.353709,0.064367
2.516667,-0.271769,-0.303272,0.125809
2.525000,-0.187600,-0.013685,0.148797
2.533333,-0.148486,-0.069626,0.129837
2.541667,-0.275947,-0.069947,0.207467
2.550000,-0.022464,0.142598,0.170041
2.558333,-0.452618,0.020933,0.232283
2.566667,-0.613436,-0.502332,0.292128
2.575000,-1.038317,-0.454255,0.266922
2.583333,-0.645747,-0.211283,0.276336
2.591667,-0.439147,-0.157731,0.274333
2.600000,-0.243895,-0.042221,0.214462
2.608333,-0.344026,-0.120700,0.291158
2.616667,-0.583196,-0.104060,0.274973
2.625000,-0.620913,-0.268579,0.239486
2.633333,-0.821981,-0.415326,0.243993
2.641667,-0.915365,-0.449214,0.185357
2.650000,-0.440720,-0.037195,0.157140
2.658333,-0.092590,0.074494,0.088852
2.666667,-0.428004,-0.170280,0.103466
2.675000,-0.247854,-0.070584,0.145827
2.683333,-0.295991,-0.100892,0.124892
2.691667,-0.405819,-0.214616,0.095206
2.700000,-0.463409,-0.233458,0.018829
2.708333,0.029401,-0.078927,0.089135
2.716667,0.188578,0.230148,0.056686
2.725000,0.115947,0.195012,0.039623
2.733333,-0.199858,-0.054449,0.049963
2.741667,0.022902,-0.066785,0.058625
2.750000,-0.076556,-0.123740,0.006252
2.758333,0.166921,0.035759,0.078991
2.766667,0.320536,-0.042207,0.150311
2.775000,0.788482,0.318005,0.093054
2.783333,0.731324,0.379907,0.164504
2.791667,0.559852,0.123470,0.167991
2.800000,0.205582,-0.085719,0.266999
2.808333,0.296296,0.039986,0.211186
2.816667,0.501532,0.089492,0.337366
2.825000,0.653965,0.219665,0.325693
2.833333,0.578895,0.350307,0.317008
2.841667,0.796761,0.394593,0.351211
2.850000,0.922806,0.272429,0.424504
2.858333,0.478814,-0.030107,0.496099
2.866667,0.276909,-0.137422,0.486300
2.875000,0.420798,0.134434,0.549597
2.883333,0.469609,0.276398,0.494000
2.891667,0.729471,0.243241,0.543192
2.900000,0.653270,0.235798,0.485960
2.908333,0.489220,0.410727,0.476817
2.916667,0.319321,0.061754,0.487879
2.925000,-0.170055,-0.195275,0.543929
2.933333,-0.181841,-0.120609,0.525835
2.941667,0.180582,0.151243,0.472533
2.950000,0.254240,0.199475,0.455577
2.958333,0.100905,0.235828,0.383994
2.966667,-0.088953,0.187210,0.438010
2.975000,-0.091911,0.093490,0.362935
2.983333,-0.538540,-0.137605,0.339097
2.991667,-0.528211,-0.396364,0.293104
3.000000,-0.282869,-0.086895,0.248377
3.008333,-0.021723,0.175762,0.222471
3.016667,-0.264765,-0.061908,0.230980
3.025000,-0.353741,-0.182076,0.265216
3.033333,-0.490731,-0.152184,0.219427
3.041667,-0.825891,-0.294998,0.174506
3.050000,-0.967592,-0.440032,0.193033
3.058333,-0.733463,-0.243279,0.243044
3.066667,-0.383130,-0.174605,0.261673
3.075000,-0.245732,-0.027445,0.268208
3.083333,-0.464998,-0.330949,0.280323
3.091667,-0.745565,-0.477324,0.316877
3.100000,-0.804241,-0.400319,0.274286
3.108333,-0.479320,-0.307457,0.374148
3.116667,-0.566900,-0.333297,0.408122
3.125000,-0.170675,-0.095538,0.378011
3.133333,0.158662,-0.073759,0.492422
3.141667,-0.013596,0.004085,0.528297
3.150000,-0.383435,-0.236732,0.535355
3.158333,-0.675597,-0.435710,0.535398
3.166667,-0.153117,-0.173819,0.539834
3.175000,0.101233,-0.096085,0.618995
3.183333,0.115403,-0.148548,0.625482
3.191667,0.443058,0.188705,0.599366
3.200000,0.366081,0.157359,0.655222
3.208333,0.185864,-0.058062,0.661269
3.216667,-0.187440,-0.219882,0.658223
3.225000,-0.058239,-0.161848,0.598013
3.233333,0.510163,0.085644,0.549637
3.241667,0.499770,0.284802,0.576614
3.250000,0.672350,0.210029,0.565660
3.258333,0.759358,0.253122,0.479123
3.266667,0.734816,0.363655,0.485447
3.275000,0.245200,-0.040611,0.461713
3.283333,0.191606,0.085101,0.393874
3.291667,0.474048,0.238459,0.431256
3.300000,0.797835,0.557816,0.336412
3.308333,0.922444,0.384667,0.306546
3.316667,0.505847,0.352840,0.280963
3.325000,0.406152,0.221868,0.234455
3.333333,0.511159,0.181649,0.305042
3.341667,0.164179,0.130317,0.291988
3.350000,0.283697,0.211434,0.268702
3.358333,0.538885,0.367696,0.243154
3.366667,0.716767,0.617889,0.306655
3.375000,0.271650,0.315476,0.307519
3.383333,0.045240,0.233703,0.323198
3.391667,-0.076606,0.070821,0.259143
3.400000,-0.229092,0.153757,0.361463
3.408333,-0.057333,0.059391,0.287909
3.416667,-0.146185,0.093522,0.419297
3.425000,0.217348,0.418018,0.426856
3.433333,0.173683,0.200179,0.367899
3.441667,-0.271420,-0.026412,0.429096
3.450000,-0.649859,-0.132108,0.434212
3.458333,-0.600903,-0.267420,0.475856
3.466667,-0.402069,-0.110127,0.553527
3.475000,-0.392845,-0.155426,0.581819
3.483333,-0.373973,-0.062928,0.613099
3.491667,-0.175764,0.061788,0.562924
3.500000,-0.462105,-0.315954,0.677516
3.508333,-0.796574,-0.609235,0.675907
3.516667,-0.862510,-0.416980,0.601446
3.525000,-0.667872,-0.219652,0.591340
3.533333,-0.599098,-0.253406,0.593374
3.541667,-0.555045,-0.347518,0.571458
3.550000,-0.378825,-0.253649,0.664309
3.558333,-0.270019,-0.377917,0.639625
3.566667,-0.619656,-0.633170,0.533486
3.575000,-0.919558,-0.591005,0.539090
3.583333,-0.419731,-0.338313,0.472202
3.591667,-0.202512,-0.062198,0.538997
3.600000,-0.183876,-0.160621,0.444006
3.608333,-0.169417,-0.250729,0.494851
3.616667,0.022462,-0.202484,0.467373
3.625000,-0.090752,-0.409203,0.418357
3.633333,-0.461605,-0.578040,0.392588
3.641667,-0.313868,-0.402862,0.354837
3.650000,0.272645,0.149642,0.418665
3.658333,0.377969,0.256936,0.311694
3.666667,0.431687,0.049286,0.409256
3.675000,0.396808,0.091174,0.420186
3.683333,0.399376,0.011531,0.358846
3.691667,0.091039,-0.152719,0.393807
3.700000,0.242127,-0.133707,0.376157
3.708333,0.503482,0.162580,0.412077
3.716667,0.834918,0.440930,0.469901
3.725000,0.844295,0.553204,0.452775
3.733333,0.349073,0.284690,0.532223
3.741667,0.252961,0.225790,0.620407
3.750000,0.451973,0.270069,0.635642
3.758333,0.283035,0.152936,0.711256
3.766667,0.610860,0.305024,0.701877
3.775000,0.904521,0.548523,0.746252
3.783333,0.848251,0.817935,0.824465
3.791667,0.663500,0.526686,0.797199
3.800000,0.075753,0.149968,0.788421
3.808333,0.292705,0.263570,0.891176
3.816667,0.216943,0.425892,0.927865
3.825000,0.412809,0.297243,0.847399
3.833333,0.423827,0.398504,0.939830
3.841667,0.677002,0.648439,0.854925
3.850000,0.154532,0.315135,0.891448
3.858333,-0.197340,0.069181,0.930700
3.866667,-0.372096,-0.208504,0.875060
3.875000,-0.259091,-0.021048,0.907163
3.883333,0.066628,0.140547,0.912312
3.891667,0.055911,0.122316,0.807047
3.900000,-0.012681,0.162416,0.817340
3.908333,-0.121131,-0.024591,0.843950
3.916667,-0.401210,-0.061749,0.834033
3.925000,-0.954703,-0.409062,0.796348
3.933333,-0.598514,-0.508334,0.804498
3.941667,-0.248478,-0.222006,0.794130
3.950000,-0.176339,-0.084895,0.746617
3.958333,-0.352795,-0.338303,0.732152
3.966667,-0.575604,-0.447319,0.752057
3.975000,-0.496375,-0.527064,0.717574
3.983333,-0.896750,-0.618751,0.721041
3.991667,-1.077298,-0.827146,0.819018
4.000000,-0.436665,-0.467596,0.849307
4.008333,-0.074577,-0.228094,0.874122
4.016667,-0.371525,-0.173715,0.896702
4.025000,-0.630327,-0.555295,0.937800
4.033333,-0.662364,-0.446144,0.962631
4.041667,-0.664508,-0.413149,0.957266
4.050000,-0.474171,-0.525852,0.968255
4.058333,-0.391001,-0.583322,1.012176
4.066667,0.070941,-0.024180,1.111744
4.075000,0.322910,-0.118114,1.109468
4.083333,-0.088140,-0.278766,1.151919
4.091667,-0.087473,-0.460136,1.232314
4.100000,-0.009975,-0.312142,1.201429
4.108333,0.009649,-0.085332,1.266947
4.116667,-0.022974,-0.172655,1.243490
4.125000,0.240787,0.082552,1.312131
4.133333,0.855097,0.355526,1.319596
4.141667,0.601496,0.295597,1.323605
4.150000,0.369814,0.175956,1.340863
4.158333,0.238151,0.089515,1.292139
4.166667,0.476888,0.171177,1.365826
4.175000,0.660969,0.450631,1.322081
4.183333,0.504954,0.429201,1.302784
4.191667,0.746217,0.544184,1.241923
4.200000,0.870279,0.610751,1.184269
4.208333,0.499618,0.429928,1.202501
4.216667,0.215119,0.203636,1.243348
4.225000,0.170199,0.268970,1.112326
4.233333,0.526189,0.671266,1.174123
4.241667,0.870283,0.768829,1.126224
4.250000,0.769983,0.669841,1.099126
4.258333,0.493039,0.534712,1.013856
4.266667,0.617295,0.455582,1.036460
4.275000,-0.099880,0.347595,1.067518
4.283333,-0.024156,0.198471,1.052540
4.291667,0.272596,0.231895,0.954018
4.300000,0.582482,0.421351,1.013914
4.308333,0.351322,0.401600,0.916312
4.316667,-0.045631,0.203721,0.924862
4.325000,-0.048331,0.248128,1.003293
4.333333,-0.393244,0.018112,0.986984
4.341667,-0.412383,-0.275319,0.982574
4.350000,-0.424043,-0.314487,1.059076
4.358333,-0.216255,0.089029,1.079124
4.366667,0.050391,0.108616,1.022738
4.375000,-0.210606,-0.231834,1.084166
4.383333,-0.673977,-0.365101,1.114276
4.391667,-0.490183,-0.381768,1.043461
4.400000,-0.859843,-0.632619,1.031343
4.408333,-0.690412,-0.688263,1.135891
4.416667,-0.662545,-0.363627,1.067120
4.425000,-0.126056,-0.220971,1.084223
4.433333,-0.279540,-0.318277,1.021186
4.441667,-0.764934,-0.718207,1.010379
4.450000,-1.004776,-0.665515,0.999259
4.458333,-0.531640,-0.610872,1.000463
4.466667,-0.670608,-0.678877,0.956810
4.475000,-0.362451,-0.610196,0.906131
4.483333,-0.207157,-0.385554,0.885609
4.491667,0.090765,-0.246080,0.800777
4.500000,-0.512117,-0.397815,0.714107
4.508333,-0.580757,-0.552771,0.644042
4.516667,-0.612164,-0.554451,0.598151
4.525000,-0.071062,-0.208885,0.589726
4.533333,-0.152033,-0.272601,0.421890
4.541667,-0.025339,-0.104276,0.373281
4.550000,0.392431,0.018598,0.395998
4.558333,0.355004,0.104324,0.237903
4.566667,0.060454,-0.266571,0.181639
4.575000,-0.040893,-0.206931,0.100878
4.583333,0.197117,0.130198,0.046375
4.591667,0.674984,0.364611,-0.005719
4.600000,0.527695,0.285670,-0.017779
4.608333,0.746847,0.526093,-0.095734
4.616667,0.590372,0.572068,-0.078159
4.625000,0.338829,0.257854,-0.115260
4.633333,0.305569,0.094735,-0.197137
4.641667,0.422638,0.376593,-0.218494
4.650000,0.695674,0.595452,-0.260798
4.658333,0.864875,0.762334,-0.212229
4.666667,0.588514,0.575919,-0.278218
4.675000,0.653854,0.594854,-0.278913
4.683333,0.676716,0.656268,-0.284125
4.691667,0.458507,0.354767,-0.292533
4.700000,0.182193,0.417703,-0.375122
4.708333,0.359211,0.621689,-0.323661
4.716667,0.954887,0.675600,-0.335979
4.725000,0.784941,0.704572,-0.323384
4.733333,0.370022,0.353350,-0.323293
4.741667,0.001367,0.226520,-0.357684
4.750000,0.022500,0.179481,-0.424815
4.758333,-0.001589,0.197869,-0.382869
4.766667,-0.074436,0.108333,-0.372508
4.775000,0.287686,0.200412,-0.444594
4.783333,0.484825,0.249544,-0.444722
4.791667,-0.042804,0.085866,-0.432998
4.800000,-0.571396,-0.241414,-0.502887
4.808333,-0.605362,-0.202558,-0.601238
4.816667,-0.389883,-0.138148,-0.570292
4.825000,-0.454886,-0.261751,-0.675250
4.833333,-0.253989,-0.257131,-0.615113
4.841667,-0.174638,-0.068597,-0.685602
4.850000,-0.189332,-0.248138,-0.709662
4.858333,-0.618046,-0.621258,-0.709718
4.866667,-0.782524,-0.825625,-0.754124
4.875000,-0.559892,-0.626454,-0.741180
4.883333,-0.430081,-0.482352,-0.834519
4.891667,-0.365828,-0.458733,-0.851306
4.900000,-0.424013,-0.369143,-0.799254
4.908333,-0.373088,-0.309405,-0.850209
4.916667,-0.590212,-0.629250,-0.814610
4.925000,-0.835678,-0.813341,-0.803531
4.933333,-0.415675,-0.715103,-0.727939
4.941667,-0.021543,-0.268972,-0.694445
4.950000,0.027799,-0.046106,-0.692439
4.958333,0.155898,-0.113198,-0.621864
4.966667,0.011250,-0.134876,-0.611575
4.975000,0.234131,-0.030271,-0.526213
4.983333,-0.158489,-0.093450,-0.515449
4.991667,-0.089466,-0.239541,-0.409131
5.000000,0.313504,0.284411,-0.381082
5.008333,0.865638,0.457622,-0.291827
5.016667,0.855500,0.668882,-0.323190
5.025000,0.725289,0.406729,-0.267304
5.033333,0.740247,0.515916,-0.220673
5.041667,0.626282,0.671458,-0.086714
5.050000,0.682367,0.650619,-0.115942
5.058333,1.061660,0.796140,-0.007663
5.066667,1.536393,1.196633,-0.028607
5.075000,1.527801,1.268393,-0.001854
5.083333,1.337052,1.021272,0.018989
5.091667,0.956533,0.874205,0.065102
5.100000,1.300711,1.008238,0.100391
5.108333,1.460236,1.201676,0.120523
5.116667,1.436856,1.274875,0.100254
5.125000,1.622630,1.444117,0.107746
5.133333,1.916329,1.564395,0.095961
5.141667,1.783342,1.587011,0.066751
5.150000,1.523303,1.257854,0.037715
5.158333,1.421252,1.198450,0.107393
5.166667,1.634163,1.300255,0.050338
5.175000,1.700801,1.214566,0.022374
5.183333,1.780975,1.202443,-0.022710
5.191667,1.790928,1.356514,0.081515
5.200000,1.971132,1.327119,-0.038030
5.208333,1.419332,0.999738,0.020968
5.216667,0.896856,0.876412,0.031380
5.225000,0.974388,0.899467,-0.000563
5.233333,1.442911,1.059176,0.065459
5.241667,1.531845,1.023802,0.073847
5.250000,1.350577,0.881196,0.021706
5.258333,1.238280,0.822356,0.100427
5.266667,1.169013,0.850312,0.095391
5.275000,0.904253,0.620226,0.107243
5.283333,0.618445,0.246721,0.115875
5.291667,1.020450,0.592429,0.250544
5.300000,1.245996,0.808481,0.218703
5.308333,1.025850,0.657599,0.278084
5.316667,1.149585,0.578064,0.352672
5.325000,0.932945,0.444043,0.352523
5.333333,0.919887,0.251429,0.341866
5.341667,0.505890,0.180630,0.479492
5.350000,0.561772,0.165069,0.423549
5.358333,1.190558,0.516664,0.482000
5.366667,1.218742,0.647552,0.530128
5.375000,0.773671,0.554411,0.506854
5.383333,0.825456,0.365226,0.487657
5.391667,0.604018,0.483400,0.570364
5.400000,0.815969,0.416822,0.510159
5.408333,0.696250,0.498229,0.584450
5.416667,0.934088,0.510200,0.466654
5.425000,1.310285,0.854430,0.457921
5.433333,1.311848,0.783582,0.541701
5.441667,0.990047,0.483529,0.505168
5.450000,0.737321,0.480435,0.491000
5.458333,0.760021,0.757502,0.475651
5.466667,0.911016,0.882030,0.414293
5.475000,1.085892,0.986120,0.314555
5.483333,1.291112,1.152162,0.333763
5.491667,1.384975,1.135989,0.258856
5.500000,1.055561,0.919816,0.278733
5.508333,0.884234,0.787492,0.288279
5.516667,0.989853,0.948835,0.284250
5.525000,1.125715,1.023735,0.198615
5.533333,1.237204,1.216739,0.281496
5.541667,1.414918,1.230417,0.194423
5.550000,1.262776,1.276411,0.254596
5.558333,1.235191,1.230071,0.188687
5.566667,0.682716,0.874826,0.194176
5.575000,0.830390,0.625720,0.255811
5.583333,0.897456,0.790476,0.297593
5.591667,1.057633,1.059843,0.248763
5.600000,0.991865,0.963690,0.288729
5.608333,0.854408,0.807686,0.342790
5.616667,0.967581,0.718621,0.362631
5.625000,0.564680,0.438413,0.452527
5.633333,0.176627,0.181359,0.425736
5.641667,0.397837,0.316911,0.523427
5.650000,0.597636,0.504608,0.482126
5.658333,0.895239,0.580781,0.573101
5.666667,0.490149,0.368930,0.548532
5.675000,0.112562,0.167081,0.598386
5.683333,0.029163,0.065503,0.610649
5.691667,-0.203928,-0.320613,0.536206
5.700000,-0.312186,-0.251062,0.570839
5.708333,-0.107515,-0.297574,0.622858
5.716667,0.142031,-0.090963,0.551728
5.725000,-0.004707,-0.086449,0.532700
5.733333,-0.536901,-0.536136,0.559529
5.741667,-0.513146,-0.651731,0.525832
5.750000,-0.396858,-0.539079,0.540141
5.758333,-0.626551,-0.773995,0.467601
5.766667,-0.526963,-0.714638,0.371717
5.775000,-0.389243,-0.503315,0.386471
5.783333,-0.252377,-0.242703,0.324838
5.791667,-0.684626,-0.600779,0.356481
5.800000,-0.965377,-0.725291,0.249437
5.808333,-0.930014,-0.622400,0.294195
5.816667,-0.457930,-0.607470,0.234652
5.825000,-0.662087,-0.572838,0.265606
5.833333,-0.269222,-0.284010,0.241681
5.841667,-0.220541,-0.246348,0.214330
5.850000,-0.201282,-0.130314,0.108085
5.858333,-0.512674,-0.457258,0.160439
5.866667,-0.836502,-0.396365,0.200637
5.875000,-0.369030,-0.263295,0.198064
5.883333,-0.138117,0.093705,0.152333
5.891667,-0.064374,0.020072,0.170032
5.900000,0.213057,0.207759,0.132862
5.908333,0.260526,0.294231,0.151775
5.916667,0.059376,0.031486,0.233173
5.925000,-0.167669,-0.068858,0.281548
5.933333,-0.001396,0.133680,0.271314
5.941667,0.370494,0.366782,0.351762
5.950000,0.671125,0.568158,0.362632
5.958333,0.658156,0.645704,0.301666
5.966667,0.534026,0.566424,0.400889
5.975000,0.626341,0.535574,0.369318
5.983333,0.093104,0.291135,0.425840
5.991667,0.250230,0.419126,0.449996
6.000000,0.551327,0.640282,0.355695
6.008333,0.891957,0.798056,0.366441
6.016667,0.966352,0.811581,0.406342
6.025000,0.447325,0.499080,0.405890
6.033333,0.562359,0.483061,0.378123
6.041667,0.540738,0.479483,0.383242
6.050000,0.230283,0.186937,0.311722
6.058333,0.281663,0.247101,0.279255
6.066667,0.596748,0.645351,0.223836
6.075000,0.838576,0.654035,0.229993
6.083333,0.303613,0.234313,0.199062
6.091667,0.007917,0.114958,0.194554
6.100000,0.004320,-0.112712,0.137031
6.108333,-0.018621,0.080973,0.099833
6.116667,0.047919,-0.144207,0.008984
6.125000,0.059844,0.103086,0.067373
6.133333,0.329892,0.118911,-0.041236
6.141667,0.190206,0.004880,-0.036648
6.150000,-0.173146,-0.460098,-0.113012
6.158333,-0.414341,-0.651977,-0.036720
6.166667,-0.204811,-0.441904,-0.119246
6.175000,-0.190100,-0.432530,-0.104649
6.183333,-0.331037,-0.420922,-0.154328
6.191667,-0.035960,-0.283079,-0.165632
6.200000,-0.118868,-0.417362,-0.137301
6.208333,-0.682440,-0.499475,-0.144174
6.216667,-0.793150,-0.938031,-0.049420
6.225000,-0.885286,-0.676311,-0.008488
6.233333,-0.338712,-0.543755,-0.025102
6.241667,-0.359154,-0.500014,-0.054657
6.250000,-0.458331,-0.376041,-0.032891
6.258333,-0.400120,-0.438961,-0.034076
6.266667,-0.658964,-0.318233,0.011413
6.275000,-0.950981,-0.679508,0.033030
6.283333,-1.075608,-0.644045,0.048622
6.291667,-0.378654,-0.469695,0.112689
6.300000,-0.105418,-0.116417,0.106284
6.308333,-0.063661,-0.063866,0.094991
6.316667,-0.326493,-0.203985,0.130241
6.325000,-0.303534,-0.083465,0.094694
6.333333,-0.492059,-0.171459,0.131632
6.341667,-0.651358,-0.144531,0.065524
6.350000,-0.256591,-0.125948,0.064329
6.358333,0.295768,0.219956,0.044373
6.366667,0.283681,0.461331,-0.006214
6.375000,0.096027,0.225259,-0.077332
6.383333,0.175534,0.202817,-0.011769
6.391667,-0.005226,0.299810,-0.102432
6.400000,-0.049644,0.311022,-0.114933
6.408333,0.034431,0.327204,-0.199276
6.416667,0.608631,0.431507,-0.161554
6.425000,0.766821,0.880911,-0.239950
6.433333,0.827938,0.610908,-0.322966
6.441667,0.347425,0.410131,-0.249989
6.450000,0.417141,0.318517,-0.348605
6.458333,0.332234,0.452254,-0.379254
6.466667,0.656260,0.529969,-0.409571
6.475000,0.516788,0.468453,-0.445886
6.483333,0.812354,0.678609,-0.405435
6.491667,0.928561,0.707798,-0.410075
6.500000,0.585864,0.311816,-0.399893
6.508333,0.028409,0.110253,-0.385965
6.516667,0.388000,0.229942,-0.436012
6.525000,0.511433,0.211074,-0.345531
6.533333,0.419122,0.249610,-0.399765
6.541667,0.561392,0.305102,-0.317502
6.550000,0.534035,0.313213,-0.334319
6.558333,0.507142,0.170616,-0.307862
6.566667,-0.019071,-0.319486,-0.278252
6.575000,-0.307310,-0.315562,-0.260429
6.583333,0.143049,-0.174877,-0.202672
6.591667,0.116328,-0.046175,-0.157673
6.600000,0.163500,-0.043134,-0.242516
6.608333,-0.032297,-0.233126,-0.156603
6.616667,0.071573,-0.375801,-0.171377
6.625000,-0.421273,-0.560548,-0.197529
6.633333,-0.841280,-0.782373,-0.127942
6.641667,-0.657040,-0.536266,-0.185124
6.650000,-0.096695,-0.294764,-0.120619
6.658333,-0.308417,-0.133797,-0.161448
6.666667,-0.502672,-0.340608,-0.164826
6.675000,-0.534745,-0.609950,-0.222555
6.683333,-0.761953,-0.449782,-0.269347
6.691667,-0.827132,-0.523640,-0.220479
6.700000,-0.887770,-0.753150,-0.312395
6.708333,-0.614628,-0.320331,-0.347127
6.716667,-0.066968,-0.122830,-0.311856
6.725000,-0.252431,-0.211549,-0.452492
6.733333,-0.658340,-0.329184,-0.470730
6.741667,-0.820193,-0.537786,-0.511875
6.750000,-0.505489,-0.285960,-0.437441
6.758333,-0.750801,-0.386382,-0.454831
6.766667,-0.458315,-0.185813,-0.534430
6.775000,-0.239738,0.168886,-0.565283
6.783333,0.138329,0.294059,-0.586477
6.791667,-0.179938,0.009703,-0.594413
6.800000,-0.715695,-0.081389,-0.560763
6.808333,-0.414728,-0.105556,-0.561118
6.816667,-0.118970,-0.054950,-0.607756
6.825000,-0.100226,0.159191,-0.568225
6.833333,0.109136,0.111494,-0.540456
6.841667,0.348106,0.488273,-0.535055
6.850000,0.230064,0.370922,-0.521564
6.858333,-0.220686,-0.070190,-0.514094
6.866667,-0.373939,-0.075430,-0.395470
6.875000,0.072841,0.211164,-0.340702
6.883333,0.291158,0.302765,-0.336540
6.891667,0.380424,0.361174,-0.280874
6.900000,0.191230,0.150071,-0.355555
6.908333,0.389058,0.288782,-0.302650
6.916667,-0.099107,0.106302,-0.211551
6.925000,-0.170214,-0.180690,-0.195129
6.933333,-0.068649,-0.211373,-0.287528
6.941667,0.253695,-0.084647,-0.225812
6.950000,0.284129,0.085898,-0.170032
6.958333,0.105695,-0.216421,-0.156491
6.966667,0.021608,-0.155083,-0.226776
6.975000,-0.075015,-0.422138,-0.218456
6.983333,-0.551653,-0.582847,-0.206923
6.991667,-0.670983,-0.666838,-0.225389
7.000000,-0.642631,-0.637441,-0.252002
7.008333,-0.220648,-0.377497,-0.284216
7.016667,-0.375368,-0.581650,-0.382679
7.025000,-0.890543,-0.692876,-0.375394
7.033333,-0.870692,-0.989264,-0.396815
7.041667,-1.118400,-0.874461,-0.453728
7.050000,-1.408214,-1.220854,-0.449742
7.058333,-1.175615,-1.189704,-0.510040
7.066667,-1.025845,-0.784141,-0.451209
7.075000,-0.767417,-0.853076,-0.543474
7.083333,-1.477020,-1.038860,-0.560429
7.091667,-1.767326,-1.385353,-0.479206
7.100000,-1.542206,-1.220703,-0.569886
7.108333,-1.807489,-1.264125,-0.471785
7.116667,-1.806614,-1.130130,-0.473324
7.125000,-1.534764,-0.971440,-0.549881
7.133333,-1.342475,-0.934999,-0.462988
7.141667,-1.263353,-0.938792,-0.407082
7.150000,-1.805224,-1.154808,-0.487750
7.158333,-2.113529,-1.379757,-0.424877
7.166667,-1.595481,-0.990203,-0.352035
7.175000,-1.387460,-1.059155,-0.349849
7.183333,-1.426091,-0.988901,-0.358939
7.191667,-1.088675,-0.778195,-0.297308
7.200000,-1.215143,-0.611365,-0.169730
7.208333,-1.170172,-0.747720,-0.161969
7.216667,-1.514100,-1.057886,-0.207800
7.225000,-1.506937,-0.761901,-0.139417
7.233333,-0.765925,-0.373344,-0.116970
7.241667,-0.662998,-0.391340,-0.138077
7.250000,-0.634662,-0.288088,-0.012601
7.258333,-0.617865,-0.316596,-0.098633
7.266667,-0.501771,-0.157421,-0.082139
7.275000,-0.763195,-0.281327,-0.088651
7.283333,-0.929180,-0.468154,-0.073668
7.291667,-0.394750,-0.025108,-0.016124
7.300000,0.071513,0.191510,-0.063137
7.308333,0.042681,0.103234,-0.109283
7.316667,-0.003260,-0.019740,-0.118092
7.325000,0.208261,0.143191,-0.048751
7.333333,-0.024158,0.075266,-0.165826
7.341667,0.041915,-0.117922,-0.112429
7.350000,0.202096,0.092918,-0.142076
7.358333,0.566676,0.332334,-0.193906
7.366667,0.737520,0.518236,-0.166532
7.375000,0.618447,0.257555,-0.227453
7.383333,0.285156,0.030311,-0.233582
7.391667,0.257623,-0.008814,-0.260684
7.400000,0.254986,-0.061926,-0.287422
7.408333,0.109382,0.122231,-0.272817
7.416667,0.535793,0.098471,-0.262163
7.425000,0.877073,0.507907,-0.267011
7.433333,0.634093,0.177715,-0.225768
7.441667,0.326863,0.087708,-0.186638
7.450000,0.186776,-0.080643,-0.207880
7.458333,0.149650,0.010087,-0.114981
7.466667,0.113882,-0.059661,-0.118959
7.475000,0.128034,-0.006098,-0.117901
7.483333,0.338789,0.182422,-0.071812
7.491667,0.369357,0.040791,-0.021940
7.500000,0.014758,-0.147523,-0.028136
7.508333,-0.522508,-0.459970,0.100843
7.516667,-0.270788,-0.250854,0.035715
7.525000,-0.188410,-0.215237,0.143326
7.533333,-0.338336,-0.065745,0.180552
7.541667,-0.159062,-0.063162,0.133724
7.550000,-0.287043,-0.148300,0.223966
7.558333,-0.408250,-0.222103,0.275317
7.566667,-0.812629,-0.355358,0.301202
7.575000,-0.766571,-0.503592,0.322263
7.583333,-0.662352,-0.250952,0.329059
7.591667,-0.237090,-0.021544,0.238201
7.600000,-0.462923,-0.237345,0.237681
7.608333,-0.596805,-0.254352,0.283138
7.616667,-0.628554,-0.039123,0.267587
7.625000,-0.623618,-0.385090,0.218387
7.633333,-0.972237,-0.506140,0.287761
7.641667,-0.781315,-0.454223,0.249114
7.650000,-0.277827,-0.022095,0.193350
7.658333,-0.094768,0.035153,0.236768
7.666667,-0.381036,-0.049891,0.201735
7.675000,-0.451708,-0.192530,0.135167
7.683333,-0.548067,-0.180377,0.191070
7.691667,-0.631748,-0.285726,0.100058
7.700000,-0.423703,-0.119730,0.120920
7.708333,0.038118,0.015070,0.152129
7.716667,0.310138,0.341415,0.078292
7.725000,0.148797,0.290736,0.085125
7.733333,-0.119650,-0.075365,0.085032
7.741667,0.054187,-0.073859,0.101129
7.750000,-0.093855,-0.026634,0.127646
7.758333,0.167305,-0.005540,0.180664
7.766667,0.360051,0.195769,0.164353
7.775000,0.534879,0.317463,0.207031
7.783333,0.664575,0.431394,0.239811
7.791667,0.650370,0.349176,0.310346
7.800000,0.232938,-0.076584,0.363477
7.808333,0.174495,0.013084,0.342256
7.816667,0.387616,0.193713,0.439535
7.825000,0.700834,0.197214,0.493209
7.833333,0.679448,0.378610,0.497319
7.841667,1.048972,0.541996,0.531146
7.850000,0.777976,0.444675,0.566571
7.858333,0.192099,-0.020216,0.569814
7.866667,0.244768,-0.113944,0.657212
7.875000,0.354534,0.108430,0.644508
7.883333,0.493266,0.322801,0.692494
7.891667,0.572140,0.316415,0.760315
7.900000,0.764419,0.174854,0.721550
7.908333,0.685721,0.200198,0.752752
7.916667,0.357136,0.089432,0.730535
7.925000,-0.173890,-0.307752,0.689971
7.933333,-0.161239,-0.059350,0.702180
7.941667,0.306871,0.123302,0.694124
7.950000,0.289883,0.083211,0.752229
7.958333,0.021655,0.192383,0.738132
7.966667,-0.107197,-0.061904,0.677261
7.975000,-0.308213,-0.010355,0.655810
7.983333,-0.380369,-0.309757,0.649756
7.991667,-0.577325,-0.338985,0.653950
8.000000,-0.224801,-0.155877,0.632293
8.008333,-0.105981,0.025455,0.609770
8.016667,-0.280208,0.094539,0.580995
8.025000,-0.623044,-0.267558,0.596308
8.033333,-0.721460,-0.141945,0.690309
8.041667,-0.536240,-0.354842,0.649890
8.050000,-0.997265,-0.532721,0.643220
8.058333,-0.874489,-0.320096,0.687920
8.066667,-0.274684,-0.054977,0.754662
8.075000,-0.212911,-0.013011,0.790005
8.083333,-0.455604,-0.103831,0.841591
8.091667,-0.875791,-0.436981,0.869742
8.100000,-0.731074,-0.296260,0.838812
8.108333,-0.599559,-0.413127,0.966856
8.116667,-0.571181,-0.259863,1.015662
8.125000,-0.437274,-0.131661,1.077231
8.133333,0.117760,0.015091,1.050768
8.141667,-0.121912,0.069295,1.130640
8.150000,-0.301008,-0.257459,1.215638
8.158333,-0.390972,-0.299338,1.201250
8.166667,-0.161536,-0.142837,1.240751
8.175000,0.069269,-0.149350,1.267716
8.183333,0.116775,0.028270,1.302474
8.191667,0.163745,0.190084,1.379597
8.200000,0.567347,0.191662,1.367674
8.208333,0.238492,-0.086385,1.432630
8.216667,-0.269180,-0.253669,1.385289
8.225000,0.005656,-0.005688,1.416004
8.233333,0.426529,0.128449,1.454186
8.241667,0.735689,0.357497,1.452292
8.250000,0.707358,0.194723,1.384724
8.258333,0.731248,0.216989,1.423604
8.266667,0.616818,0.141845,1.430727
8.275000,0.399310,0.108865,1.401268
8.283333,0.265920,0.028810,1.336025
8.291667,0.707450,0.308587,1.286800
8.300000,0.898434,0.363873,1.367128
8.308333,0.847117,0.519183,1.303191
8.316667,0.520670,0.232245,1.280571
8.325000,0.610075,0.250579,1.343696
8.333333,0.480493,0.103676,1.310663
8.341667,0.308492,-0.010900,1.323366
8.350000,0.369234,-0.024673,1.237179
8.358333,0.647874,0.351152,1.331001
8.366667,0.830274,0.580730,1.320103
8.375000,0.228279,0.182413,1.336155
8.383333,0.243082,0.044274,1.314224
8.391667,0.097180,0.058097,1.331058
8.400000,-0.220299,0.098117,1.431193
8.408333,-0.324628,-0.070061,1.439002
8.416667,0.158013,0.051046,1.433739
8.425000,0.413147,0.411931,1.522448
8.433333,0.151962,0.089137,1.505308
8.441667,-0.418677,-0.214513,1.485863
8.450000,-0.698104,-0.144927,1.543391
8.458333,-0.356645,-0.117418,1.520358
8.466667,-0.527068,-0.256836,1.596805
8.475000,-0.632239,-0.257027,1.584754
8.483333,-0.406146,-0.094548,1.683239
8.491667,-0.036089,0.064327,1.611747
8.500000,-0.676517,-0.110466,1.631449
8.508333,-1.112761,-0.391918,1.690583
8.516667,-0.888674,-0.376947,1.688098
8.525000,-0.680615,-0.158082,1.614652
8.533333,-0.453073,-0.164508,1.613123
8.541667,-0.544771,-0.284705,1.611762
8.550000,-0.337928,-0.201928,1.619669
8.558333,-0.435974,-0.109067,1.588529
8.566667,-0.849200,-0.468239,1.492759
8.575000,-0.739618,-0.508556,1.424375
8.583333,-0.605266,-0.299048,1.440170
8.591667,-0.086703,-0.199982,1.413454
8.600000,0.047739,-0.103251,1.333924
8.608333,0.025365,-0.031793,1.282053
8.616667,-0.069270,-0.179686,1.182862
8.625000,-0.080533,-0.330408,1.232381
8.633333,-0.408613,-0.461953,1.164985
8.641667,-0.186640,-0.344965,1.086918
8.650000,0.429606,0.005957,1.080399
8.658333,0.432345,0.119042,0.983081
8.666667,0.346717,0.089846,0.972289
8.675000,0.383755,0.063224,0.983694
8.683333,0.292269,0.138946,0.975333
8.691667,0.250544,-0.003017,0.887354
8.700000,0.236218,-0.093758,0.949299
8.708333,0.442076,0.247562,0.938948
8.716667,0.875474,0.503299,0.956763
8.725000,0.937819,0.371004,0.950220
8.733333,0.507406,0.129547,0.953218
8.741667,0.271421,0.214070,0.864620
8.750000,0.590793,0.286212,0.951954
8.758333,0.305432,0.291217,0.874312
8.766667,0.655195,0.178948,0.899910
8.775000,0.874936,0.493275,0.953007
8.783333,0.994022,0.532352,0.868609
8.791667,0.653381,0.256562,0.886099
8.800000,0.182746,0.161900,0.851506
8.808333,0.037380,0.226136,0.865870
8.816667,0.410559,0.361935,0.832139
8.825000,0.236333,0.370615,0.906585
8.833333,0.506026,0.328977,0.793680
8.841667,0.525259,0.561146,0.817735
8.850000,0.212195,0.410518,0.759727
8.858333,-0.118954,0.105093,0.660329
8.866667,-0.421873,-0.153927,0.621870
8.875000,-0.273732,-0.036239,0.649246
8.883333,-0.206056,0.211381,0.535521
8.891667,-0.239604,0.049745,0.520063
8.900000,0.014657,0.151471,0.491792
8.908333,-0.025074,0.109185,0.347652
8.916667,-0.329215,-0.195381,0.278850
8.925000,-0.723889,-0.304114,0.235171
8.933333,-0.794161,-0.325961,0.179214
8.941667,-0.339596,-0.016270,0.169754
8.950000,-0.413546,-0.163990,0.115689
8.958333,-0.458413,-0.126054,0.037488
8.966667,-0.581551,-0.168718,0.061563
8.975000,-0.685693,-0.441756,-0.029623
8.983333,-0.717937,-0.504223,0.014316
8.991667,-1.014630,-0.647739,-0.009682
9.000000,-0.490096,-0.460548,0.007295
9.008333,-0.343137,-0.178678,-0.040189
9.016667,-0.126294,-0.162865,-0.025153
9.025000,-0.483321,-0.414143,-0.051908
9.033333,-0.362078,-0.499478,-0.071270
9.041667,-0.580834,-0.558409,-0.026733
9.050000,-0.605207,-0.513181,0.009513
9.058333,-0.547969,-0.366911,-0.052879
9.066667,0.098685,-0.082398,-0.069913
9.075000,0.401229,-0.021897,-0.023042
9.083333,-0.128359,-0.296037,0.051906
9.091667,-0.267530,-0.241120,0.001757
9.100000,-0.057022,-0.309779,0.029007
9.108333,-0.018812,-0.170101,0.000397
9.116667,-0.008023,-0.093143,0.007327
9.125000,0.522659,0.030845,0.035737
9.133333,0.744420,0.321577,-0.002676
9.141667,0.693111,0.276582,0.051154
9.150000,0.158791,-0.106055,0.049886
9.158333,0.275103,-0.055933,-0.048703
9.166667,0.563987,0.257748,-0.016231
9.175000,0.642841,0.223826,-0.028674
9.183333,0.551676,0.414712,-0.093360
9.191667,0.757511,0.564344,-0.102878
9.200000,1.011097,0.620776,-0.187687
9.208333,0.663490,0.424927,-0.208705
9.216667,0.238293,0.155819,-0.220932
9.225000,0.225645,0.339381,-0.309011
9.233333,0.567062,0.501800,-0.316736
9.241667,0.752674,0.702506,-0.324098
9.250000,0.625387,0.566890,-0.406764
9.258333,0.623532,0.487688,-0.450195
9.266667,0.494161,0.495526,-0.482468
9.275000,0.218314,0.089254,-0.522164
9.283333,-0.135258,0.086489,-0.553995
9.291667,0.215024,0.287768,-0.544642
9.300000,0.532550,0.528425,-0.510837
9.308333,0.378063,0.481326,-0.510770
9.316667,0.049021,0.219785,-0.529873
9.325000,0.059517,0.291470,-0.542943
9.333333,-0.163070,0.089232,-0.485801
9.341667,-0.427242,-0.272018,-0.449290
9.350000,-0.304712,-0.222449,-0.489732
9.358333,-0.233154,0.215467,-0.375947
9.366667,0.165253,0.159568,-0.372121
9.375000,-0.460862,0.009389,-0.326415
9.383333,-0.709716,-0.401311,-0.375480
9.391667,-0.616702,-0.389300,-0.273409
9.400000,-0.662608,-0.564536,-0.296979
9.408333,-0.889134,-0.495209,-0.229095
9.416667,-0.605759,-0.381086,-0.249677
9.425000,-0.043048,-0.253449,-0.183355
9.433333,-0.270411,-0.380661,-0.228172
9.441667,-0.723179,-0.461158,-0.234388
9.450000,-0.754471,-0.658092,-0.171853
9.458333,-0.721448,-0.552259,-0.238628
9.466667,-0.736598,-0.490623,-0.258523
9.475000,-0.440702,-0.394091,-0.199291
9.483333,-0.103579,-0.289935,-0.216667
9.491667,-0.008646,-0.151169,-0.244981
9.500000,-0.201021,-0.439948,-0.237480
9.508333,-0.701727,-0.774676,-0.298587
9.516667,-0.383836,-0.469859,-0.311963
9.525000,-0.112118,-0.251054,-0.327629
9.533333,0.132738,-0.164554,-0.416010
9.541667,0.218870,-0.214619,-0.383487
9.550000,0.236321,-0.007782,-0.443828
9.558333,0.386196,-0.028578,-0.406039
9.566667,-0.079021,-0.236962,-0.485212
9.575000,-0.138188,-0.172027,-0.456973
9.583333,0.233385,0.107923,-0.494130
9.591667,0.707621,0.415865,-0.551907
9.600000,0.691850,0.350597,-0.469990
9.608333,0.688056,0.449758,-0.455633
9.616667,0.656639,0.447012,-0.458911
9.625000,0.379351,0.177306,-0.453359
9.633333,0.224267,0.201682,-0.505070
9.641667,0.203842,0.273881,-0.481805
9.650000,0.781419,0.650124,-0.428556
9.658333,1.068082,0.718388,-0.390853
9.666667,0.644223,0.724518,-0.309105
9.675000,0.510242,0.565108,-0.377329
9.683333,0.449185,0.513942,-0.309597
9.691667,0.349359,0.317952,-0.270156
9.700000,0.143811,0.390289,-0.194549
9.708333,0.434240,0.643823,-0.222124
9.716667,0.761471,0.779276,-0.138397
9.725000,0.568810,0.662711,-0.166661
9.733333,0.397809,0.442801,-0.137789
9.741667,0.234319,0.204020,-0.104842
9.750000,-0.093698,0.167278,-0.040946
9.758333,-0.138140,0.173579,-0.018039
9.766667,-0.125876,0.159278,-0.010728
9.775000,0.226477,0.329797,-0.032083
9.783333,0.256768,0.495699,0.007056
9.791667,0.032509,0.064480,-0.055741
9.800000,-0.369701,-0.276307,-0.012692
9.808333,-0.632659,-0.169090,-0.031924
9.816667,-0.498188,-0.129984,-0.082524
9.825000,-0.545299,-0.309395,-0.105874
9.833333,-0.289686,-0.256350,-0.080000
9.841667,-0.009927,-0.033496,-0.164587
9.850000,-0.198347,-0.172314,-0.129447
9.858333,-0.729877,-0.589893,-0.157655
9.866667,-0.969297,-0.858133,-0.246894
9.875000,-0.789503,-0.590662,-0.203579
9.883333,-0.616081,-0.380792,-0.228919
9.891667,-0.631639,-0.510310,-0.295458
9.900000,-0.390481,-0.448355,-0.244607
9.908333,-0.405185,-0.360432,-0.216209
9.916667,-0.666891,-0.595273,-0.304947
9.925000,-0.849633,-0.732637,-0.194887
9.933333,-0.812214,-0.801264,-0.289958
9.941667,-0.225207,-0.508566,-0.225061
9.950000,-0.206067,-0.248840,-0.255483
9.958333,-0.035605,-0.231405,-0.145424
9.966667,-0.325248,-0.391922,-0.170857
9.975000,-0.076243,-0.384660,-0.147164
9.983333,-0.275450,-0.546517,-0.054400
9.991667,-0.460956,-0.389252,-0.062781
10.000000,-0.129214,-0.215161,-0.043924
10.008333,0.467308,0.061198,0.092775
10.016667,0.389294,0.187425,0.016554
10.025000,0.276357,0.079618,0.064396
10.033333,0.086697,0.101482,0.171677
10.041667,0.144459,0.205411,0.141096
10.050000,0.015664,0.090596,0.196853
10.058333,0.290025,0.275498,0.275905
10.066667,0.846834,0.499530,0.274313
10.075000,0.757540,0.834562,0.234387
10.083333,0.672365,0.554327,0.239345
10.091667,0.279919,0.407242,0.268995
10.100000,0.482878,0.465649,0.238061
10.108333,0.472263,0.468393,0.215305
10.116667,0.548673,0.482154,0.249722
10.125000,0.623953,0.719580,0.194322
10.133333,1.015030,0.777134,0.229076
10.141667,0.943128,0.677365,0.156816
10.150000,0.220810,0.486387,0.183106
10.158333,-0.002559,0.213252,0.178141
10.166667,0.200229,0.518578,0.101576
10.175000,0.290288,0.547582,0.060941
10.183333,0.368677,0.532829,0.049994
10.191667,0.492072,0.566098,0.037054
10.200000,0.507334,0.538914,-0.002296
10.208333,0.271724,0.110149,0.040619
10.216667,-0.286700,-0.194700,-0.014184
10.225000,-0.113913,0.015415,-0.012467
10.233333,-0.091755,0.109151,0.024588
10.241667,-0.059892,0.091914,0.024489
10.250000,0.049113,0.125650,0.073486
10.258333,-0.231175,-0.017379,0.140812
10.266667,-0.216651,-0.071300,0.099307
10.275000,-0.498525,-0.457078,0.143238
10.283333,-0.772152,-0.742766,0.125723
10.291667,-0.396503,-0.399742,0.206723
10.300000,-0.323029,-0.301958,0.260431
10.308333,-0.166291,-0.381306,0.293836
10.316667,-0.573984,-0.485427,0.279156
10.325000,-0.724074,-0.540406,0.387725
10.333333,-0.879311,-0.806696,0.322847
10.341667,-0.960439,-0.868802,0.375960
10.350000,-0.737568,-0.814313,0.425997
10.358333,-0.239422,-0.352845,0.424296
10.366667,-0.268543,-0.293113,0.483933
10.375000,-0.486750,-0.554650,0.510195
10.383333,-0.701724,-0.534480,0.498951
10.391667,-0.476842,-0.496323,0.461917
10.400000,-0.720279,-0.583361,0.455569
10.408333,-0.484102,-0.541276,0.508950
10.416667,-0.084254,-0.399252,0.462009
10.425000,0.136380,-0.119254,0.445310
10.433333,-0.074439,-0.027576,0.513984
10.441667,-0.284844,-0.326582,0.415980
10.450000,-0.241665,-0.307003,0.402725
10.458333,-0.132342,-0.105912,0.415348
10.466667,-0.144805,0.008044,0.432348
10.475000,0.044544,0.010396,0.404676
10.483333,0.657350,0.430360,0.322014
10.491667,0.625076,0.482345,0.259284
10.500000,0.342321,0.305750,0.276999
10.508333,0.210578,0.143097,0.198842
10.516667,0.030821,0.341139,0.285402
10.525000,0.444131,0.506694,0.201163
10.533333,0.535789,0.527121,0.204472
10.541667,0.814113,0.630865,0.163762
10.550000,0.837384,0.896967,0.241217
10.558333,0.760784,0.768543,0.166216
10.566667,0.275940,0.501918,0.211752
10.575000,0.180162,0.309988,0.224183
10.583333,0.556818,0.594783,0.275125
10.591667,0.646973,0.723039,0.272156
10.600000,0.754302,0.780875,0.313108
10.608333,0.788616,0.532595,0.347729
10.616667,0.609613,0.492355,0.342716
10.625000,0.316289,0.476633,0.420676
10.633333,0.121633,0.167157,0.400623
10.641667,0.183286,0.079645,0.421384
10.650000,0.340573,0.335178,0.447939
10.658333,0.417893,0.343433,0.499100
10.666667,0.345485,0.129028,0.513874
10.675000,-0.075981,0.068271,0.507812
10.683333,-0.069226,-0.061312,0.556872
10.691667,-0.295532,-0.299686,0.593011
10.700000,-0.317960,-0.342652,0.546956
10.708333,-0.065909,-0.273863,0.579786
10.716667,0.268445,0.067893,0.523782
10.725000,-0.143926,-0.280059,0.551681
10.733333,-0.518574,-0.391444,0.487804
10.741667,-0.761380,-0.626925,0.528680
10.750000,-0.532662,-0.612899,0.515627
10.758333,-0.643072,-0.686185,0.425487
10.766667,-0.572112,-0.637648,0.378377
10.775000,-0.334779,-0.347060,0.427650
10.783333,-0.257843,-0.337793,0.383835
10.791667,-0.718251,-0.582724,0.268294
10.800000,-0.957974,-0.941104,0.298099
10.808333,-0.701039,-0.788242,0.228617
10.816667,-0.663175,-0.616732,0.207814
10.825000,-0.526086,-0.652859,0.217258
10.833333,-0.482072,-0.451132,0.134398
10.841667,-0.292902,-0.306844,0.232997
10.850000,-0.308016,-0.248235,0.146649
10.858333,-0.477971,-0.664566,0.167056
10.866667,-0.625381,-0.569058,0.150645
10.875000,-0.428605,-0.337378,0.118145
10.883333,-0.184178,-0.183533,0.104127
10.891667,-0.177294,-0.035697,0.126653
10.900000,0.067681,-0.012850,0.139303
10.908333,0.342788,0.306927,0.259225
10.916667,0.015291,0.099280,0.187750
10.925000,-0.157748,-0.205943,0.246026
10.933333,-0.176387,0.161819,0.320891
10.941667,0.444752,0.468118,0.276525
10.950000,0.753408,0.547822,0.289092
10.958333,0.562446,0.620723,0.337665
10.966667,0.490692,0.583991,0.409773
10.975000,0.357782,0.442237,0.363625
10.983333,0.144264,0.461317,0.435305
10.991667,0.332503,0.377303,0.442089
11.000000,0.432506,0.623382,0.366162
11.008333,1.058834,0.812236,0.396797
11.016667,0.917819,0.692510,0.419684
11.025000,0.444212,0.530234,0.444738
11.033333,0.447178,0.460884,0.333134
11.041667,0.457845,0.482210,0.399029
11.050000,0.339963,0.384598,0.332018
11.058333,0.438643,0.440951,0.295204
11.066667,0.748683,0.737442,0.253006
11.075000,0.947133,0.800218,0.207545
11.083333,0.390616,0.272032,0.171781
11.091667,0.210781,0.236978,0.179765
11.100000,0.083523,0.171208,0.117744
11.108333,0.140713,0.039276,0.118527
11.116667,0.178213,-0.088549,0.061424
11.125000,0.161014,0.038227,0.049537
11.133333,0.375708,0.297984,-0.002415
11.141667,0.127748,0.044607,-0.069182
11.150000,-0.437095,-0.317377,-0.025568
11.158333,-0.382933,-0.477665,-0.038318
11.166667,-0.438165,-0.552478,-0.136259
11.175000,-0.370504,-0.426376,-0.146003
11.183333,-0.350980,-0.285938,-0.151697
11.191667,-0.242895,-0.275640,-0.117075
11.200000,-0.168789,-0.439223,-0.147322
11.208333,-0.681723,-0.664717,-0.104695
11.216667,-1.038877,-0.774247,-0.061239
11.225000,-0.890274,-0.807364,-0.063747
11.233333,-0.376420,-0.520588,-0.032835
11.241667,-0.263776,-0.371536,0.027941
11.250000,-0.520239,-0.539119,0.006779
11.258333,-0.400654,-0.435195,0.021036
11.266667,-0.428596,-0.571046,0.083450
11.275000,-0.678232,-0.739740,0.029266
11.283333,-0.937799,-0.753498,0.052985
11.291667,-0.663538,-0.444595,0.122870
11.300000,-0.088245,-0.242819,0.124462
11.308333,-0.043225,-0.048446,0.050726
11.316667,-0.163157,-0.109700,0.142644
11.325000,-0.414910,-0.119255,0.050880
11.333333,-0.396332,-0.252858,0.093965
11.341667,-0.573162,-0.241301,0.103035
11.350000,-0.214128,-0.162844,0.013223
11.358333,0.077837,0.380028,-0.007787
11.366667,0.326053,0.535524,0.058759
11.375000,0.152922,0.416076,0.030658
11.383333,0.058995,0.141091,-0.023197
11.391667,0.037658,0.273325,-0.090735
11.400000,0.113102,0.276814,-0.166314
11.408333,0.097709,0.308382,-0.194785
11.416667,0.629903,0.516193,-0.244735
11.425000,0.807797,0.838130,-0.204787
11.433333,0.660549,0.740653,-0.261718
11.441667,0.225336,0.552308,-0.339020
11.450000,0.169440,0.378014,-0.366043
11.458333,0.412045,0.551732,-0.371513
11.466667,0.620363,0.512818,-0.327420
11.475000,0.652785,0.519781,-0.370519
11.483333,0.799744,0.635171,-0.349755
11.491667,0.983367,0.767539,-0.380505
11.500000,0.653239,0.357324,-0.359124
11.508333,0.243236,0.201146,-0.428636
11.516667,0.281410,0.229965,-0.438102
11.525000,0.556476,0.344352,-0.373458
11.533333,0.514641,0.258196,-0.356989
11.541667,0.651691,0.248417,-0.334542
11.550000,0.432195,0.228095,-0.363211
11.558333,0.246482,0.164778,-0.320818
11.566667,-0.142167,-0.092956,-0.324084
11.575000,-0.192124,-0.430626,-0.295242
11.583333,-0.169232,-0.272516,-0.267956
11.591667,0.065621,-0.053349,-0.179659
11.600000,0.250917,-0.151949,-0.219660
11.608333,0.024849,-0.158410,-0.143347
11.616667,-0.126398,-0.286562,-0.100962
11.625000,-0.470649,-0.556878,-0.173339
11.633333,-0.577484,-0.718762,-0.179698
11.641667,-0.586969,-0.702250,-0.190832
11.650000,-0.127873,-0.235538,-0.150376
11.658333,-0.003552,-0.356417,-0.184737
11.666667,-0.279609,-0.429098,-0.187136
11.675000,-0.434470,-0.497350,-0.237878
11.683333,-0.682774,-0.475486,-0.212587
11.691667,-0.671428,-0.580618,-0.268731
11.700000,-1.004863,-0.775785,-0.324633
11.708333,-0.490200,-0.583558,-0.351820
11.716667,-0.329362,-0.246992,-0.398358
11.725000,-0.457189,-0.156165,-0.352965
11.733333,-0.743970,-0.552885,-0.447283
11.741667,-0.819082,-0.522483,-0.465023
11.750000,-0.638332,-0.437840,-0.524203
11.758333,-0.779127,-0.296074,-0.546611
11.766667,-0.451499,-0.142050,-0.477640
11.775000,-0.065697,0.064740,-0.527074
11.783333,0.123499,0.129231,-0.563250
11.791667,-0.183490,-0.069955,-0.546573
11.800000,-0.553838,-0.215719,-0.554074
11.808333,-0.234537,-0.042085,-0.531176
11.816667,-0.152996,0.095128,-0.567809
11.825000,0.183136,0.126330,-0.495863
11.833333,0.210456,0.352006,-0.540670
11.841667,0.618912,0.474961,-0.513690
11.850000,0.520110,0.462728,-0.544511
11.858333,0.013600,0.227330,-0.503908
11.866667,-0.048154,0.265697,-0.486141
11.875000,0.376794,0.333680,-0.376366
11.883333,0.666834,0.577323,-0.350843
11.891667,0.662712,0.687852,-0.386219
11.900000,0.607624,0.575875,-0.303446
11.908333,0.829930,0.530177,-0.271261
11.916667,0.676777,0.374744,-0.260327
11.925000,0.245639,0.064329,-0.189237
11.933333,0.184119,0.214249,-0.201905
11.941667,0.790626,0.619505,-0.191174
11.950000,0.917588,0.586523,-0.249304
11.958333,0.544200,0.377033,-0.256840
11.966667,0.561169,0.288716,-0.230779
11.975000,0.362274,0.211163,-0.240196
11.983333,0.149866,0.094931,-0.296910
11.991667,0.178773,0.009771,-0.207137